date,open,high,low,close,volume
2023-07-10,52.8,52.8,51.8,51.9,1108408
2023-07-11,52.0,52.1,51.4,51.9,682687
2023-07-12,51.9,52.2,51.7,52.1,521035
2023-07-13,52.3,53.1,52.3,52.6,629428
2023-07-14,52.6,53.4,52.6,53.0,566358
2023-07-17,53.5,53.5,52.9,53.4,456177
2023-07-18,53.6,54.4,53.6,54.4,1213365
2023-07-19,54.9,55.3,54.1,54.2,867020
2023-07-20,54.4,54.7,54.1,54.2,453662
2023-07-21,53.9,54.1,53.5,53.6,477900
2023-07-24,53.6,53.6,52.7,52.8,355537
2023-07-25,53.5,53.5,53.0,53.1,221638
2023-07-26,52.8,53.4,52.8,53.1,168369
2023-07-27,53.3,53.4,53.0,53.1,303596
2023-07-28,53.2,53.4,53.0,53.3,328510
2023-07-31,53.5,54.0,53.0,53.3,525542
2023-08-01,53.5,53.7,53.2,53.4,249970
2023-08-02,53.4,53.4,52.5,52.7,564461
2023-08-04,52.7,53.3,52.4,53.2,199565
2023-08-07,53.7,53.7,53.1,53.5,416134
2023-08-08,53.7,53.9,53.1,53.4,149989
2023-08-09,53.4,53.4,52.9,53.3,282675
2023-08-10,53.2,53.2,52.5,52.9,317120
2023-08-11,53.0,53.1,52.7,53.0,240793
2023-08-14,53.0,53.1,51.8,52.0,537045
2023-08-15,52.0,52.3,52.0,52.0,187168
2023-08-16,51.5,51.9,51.3,51.7,292447
2023-08-17,51.6,51.9,51.2,51.7,347932
2023-08-18,51.7,52.1,51.6,52.0,171121
2023-08-21,52.0,52.2,51.7,52.0,141427
2023-08-22,52.0,52.3,51.9,52.2,118698
2023-08-23,52.4,52.5,52.1,52.3,116101
2023-08-24,52.5,52.6,52.1,52.2,182689
2023-08-25,52.2,52.8,52.2,52.6,221871
2023-08-28,52.6,52.6,52.0,52.5,184393
2023-08-29,52.5,52.5,52.3,52.5,133382
2023-08-30,52.6,53.1,52.4,53.0,271310
2023-08-31,53.2,53.2,52.5,53.1,144617
2023-09-01,53.1,55.6,53.0,54.2,1877550
2023-09-04,54.5,55.3,54.2,54.4,865082
2023-09-05,54.8,55.2,54.5,55.0,977828
2023-09-06,55.2,55.4,54.6,55.0,684967
2023-09-07,55.5,57.8,55.4,57.4,4167880
2023-09-08,57.8,58.3,57.0,57.4,2549861
2023-09-11,57.7,57.8,56.7,57.2,861921
2023-09-12,57.8,57.8,56.9,57.5,1285066
2023-09-13,57.5,59.0,56.1,58.5,3994145
2023-09-14,59.2,59.5,58.7,59.1,3465445
2023-09-15,59.7,64.5,59.6,61.0,7656363
2023-09-18,62.0,62.2,61.0,61.5,2406958
2023-09-19,61.7,62.3,60.7,60.9,2398411
2023-09-20,61.3,61.7,60.5,60.9,1273142
2023-09-21,60.8,60.8,59.4,60.6,1663807
2023-09-22,60.6,61.1,59.9,60.4,892078
2023-09-25,60.4,61.3,60.1,60.6,699066
2023-09-26,60.7,61.2,60.3,60.5,858672
2023-09-27,60.5,60.5,59.0,59.7,1278957
2023-09-28,60.0,60.1,59.4,59.5,746655
2023-10-02,60.0,60.7,59.4,60.0,743320
2023-10-03,60.0,60.3,59.1,59.2,621606
2023-10-04,58.7,58.7,58.0,58.1,671538
2023-10-05,58.4,59.0,58.3,58.3,521754
2023-10-06,58.4,59.8,58.4,59.3,780784
2023-10-11,59.9,60.4,59.3,59.6,719410
2023-10-12,59.6,59.8,58.7,59.8,836005
2023-10-13,59.4,59.8,59.4,59.5,376350
2023-10-16,59.0,59.7,59.0,59.5,362519
2023-10-17,59.6,59.7,58.0,58.0,1091820
2023-10-18,58.0,58.3,57.0,57.0,1103874
2023-10-19,56.7,57.4,56.5,57.3,379663
2023-10-20,57.3,57.5,56.4,57.2,307332
2023-10-23,57.0,57.2,56.4,56.8,312886
2023-10-24,56.5,57.6,56.4,57.4,443417
2023-10-25,58.0,58.0,57.4,57.5,252497
2023-10-26,57.0,57.0,56.6,56.6,293301
2023-10-27,56.7,56.9,56.5,56.5,201244
2023-10-30,56.6,56.7,56.3,56.3,374819
2023-10-31,56.5,56.6,55.6,55.6,357516
2023-11-01,55.7,57.4,55.7,56.4,498095
2023-11-02,56.4,57.6,56.4,57.1,330208
2023-11-03,57.1,57.6,57.1,57.2,203020
2023-11-06,57.3,57.9,57.3,57.4,189631
2023-11-07,57.4,58.3,56.9,58.2,441811
2023-11-08,58.2,58.4,57.9,57.9,390599
2023-11-09,57.9,57.9,57.2,57.2,311953
2023-11-10,56.8,57.0,56.5,56.8,405536
2023-11-13,56.6,56.9,56.2,56.3,422953
2023-11-14,56.3,56.3,56.0,56.1,323525
2023-11-15,56.3,56.7,56.2,56.2,420575
2023-11-16,56.2,56.4,55.9,56.1,399175
2023-11-17,56.0,56.5,56.0,56.4,280715
2023-11-20,56.4,56.8,56.3,56.8,269073
2023-11-21,56.9,57.1,56.4,56.4,527656
2023-11-22,56.4,57.2,56.4,57.0,363594
2023-11-23,56.9,57.4,56.9,57.0,385812
2023-11-24,57.6,58.9,57.4,58.1,1454424
2023-11-27,58.6,58.8,58.1,58.2,698227
2023-11-28,58.5,58.8,58.0,58.6,688243
2023-11-29,59.4,60.3,59.1,60.0,3039356
2023-11-30,60.1,60.7,59.6,59.8,991316
2023-12-01,60.0,60.2,59.6,59.9,810822
2023-12-04,59.9,60.0,59.0,59.0,778792
2023-12-05,59.0,59.0,58.4,58.7,359076
2023-12-06,58.8,59.2,58.7,58.7,306205
2023-12-07,59.5,59.7,58.8,58.9,515335
2023-12-08,59.2,59.2,58.6,59.1,397730
2023-12-11,59.1,59.7,59.1,59.6,509782
2023-12-12,59.9,59.9,59.3,59.5,351650
2023-12-13,59.4,59.6,59.1,59.4,416619
2023-12-14,60.0,60.3,59.6,59.9,845867
2023-12-15,60.2,60.2,58.7,58.7,843156
2023-12-18,58.7,59.1,58.3,58.3,447621
2023-12-19,58.1,58.1,57.6,57.6,379760
2023-12-20,57.7,58.1,57.6,57.9,372243
2023-12-21,57.6,57.9,57.5,57.5,307074
2023-12-22,57.5,58.2,57.5,57.8,227199
2023-12-25,58.0,58.3,57.7,57.7,242882
2023-12-26,57.7,58.4,57.7,58.1,222658
2023-12-27,58.2,58.7,58.2,58.4,264191
2023-12-28,58.4,58.6,58.2,58.4,284179
2023-12-29,58.4,58.4,57.9,58.1,209759
2024-01-02,58.1,58.4,57.9,58.3,196734
2024-01-03,58.3,58.3,57.9,57.9,274435
2024-01-04,57.8,58.0,57.8,57.8,189392
2024-01-05,58.0,58.0,57.5,57.5,337339
2024-01-08,57.5,57.7,57.0,57.0,383508
2024-01-09,57.2,57.3,56.4,56.6,548708
2024-01-10,56.3,57.1,56.2,56.6,222922
2024-01-11,56.3,57.1,56.3,56.9,137812
2024-01-12,56.8,57.2,56.7,56.8,202265
2024-01-15,56.8,57.1,56.8,57.1,121707
2024-01-16,57.0,57.0,56.5,56.6,198309
2024-01-17,56.5,57.2,56.5,56.6,416633
2024-01-18,56.6,56.6,56.0,56.2,264293
2024-01-19,56.1,56.5,56.0,56.2,323234
2024-01-22,56.3,56.6,56.2,56.4,241700
2024-01-23,56.8,57.2,56.5,57.2,183796
2024-01-24,57.3,57.3,56.9,57.2,156979
2024-01-25,57.5,57.5,57.0,57.1,144835
2024-01-26,56.9,57.1,56.7,56.7,180532
2024-01-29,57.4,57.7,56.7,56.8,231868
2024-01-30,57.6,57.6,56.6,56.6,209200
2024-01-31,56.7,57.0,56.6,56.6,190742
2024-02-01,56.6,57.2,56.5,57.0,173427
2024-02-02,57.0,57.4,56.7,56.7,209393
2024-02-05,56.7,56.7,56.5,56.6,208985
2024-02-15,58.5,60.0,57.7,58.9,1433553
2024-02-16,59.5,59.6,58.9,59.1,761819
2024-02-19,59.2,59.3,58.7,59.0,410988
2024-02-20,59.0,59.5,58.9,59.0,455633
2024-02-21,59.0,59.4,59.0,59.3,409541
2024-02-22,59.5,60.5,59.4,60.5,1436018
2024-02-23,60.7,61.5,60.6,60.9,2421828
2024-02-26,61.3,61.4,60.9,61.3,1237809
2024-02-27,62.0,62.8,61.2,61.7,1724619
2024-02-29,62.5,63.8,61.9,63.0,2387510
2024-03-01,63.7,63.7,61.7,61.9,1321233
2024-03-04,61.9,62.0,60.9,61.4,826601
2024-03-05,62.0,62.0,61.2,61.6,565552
2024-03-06,61.5,61.9,61.4,61.6,481346
2024-03-07,61.1,61.1,60.0,60.0,1395595
2024-03-08,60.0,60.0,58.5,58.9,1150554
2024-03-11,58.8,59.3,58.6,58.8,403895
2024-03-12,58.8,59.7,58.8,59.5,448426
2024-03-13,59.5,60.2,59.5,59.8,460210
2024-03-14,60.3,61.5,59.9,59.9,1172945
2024-03-15,59.9,60.1,59.1,59.2,775283
2024-03-18,59.6,60.0,59.3,59.9,446176
2024-03-19,59.9,60.6,59.8,60.3,685251
2024-03-20,60.3,60.6,59.7,59.7,812323
2024-03-21,59.8,60.2,59.6,60.0,700188
2024-03-22,60.0,60.0,59.3,59.5,642233
2024-03-25,59.4,60.0,59.4,59.7,387987
2024-03-26,59.5,59.8,58.6,59.0,688052
2024-03-27,58.8,59.1,58.6,59.1,561060
2024-03-28,59.2,59.7,59.0,59.2,551950
2024-03-29,59.1,59.7,59.1,59.7,313272
2024-04-01,59.8,61.2,59.8,60.8,1374977
2024-04-02,60.7,61.0,60.5,60.6,533477
2024-04-03,60.8,60.8,59.9,59.9,465329
2024-04-08,59.9,60.7,59.9,60.6,529726
2024-04-09,60.6,61.0,60.5,60.9,586117
2024-04-10,60.9,61.1,60.7,60.7,495344
2024-04-11,60.4,60.8,60.4,60.5,300735
2024-04-12,60.4,61.1,60.4,60.9,454935
2024-04-15,60.6,60.8,59.9,60.1,488014
2024-04-16,59.8,59.8,58.6,58.9,1092950
2024-04-17,58.9,59.8,58.7,59.4,447929
2024-04-18,59.2,59.6,59.0,59.2,264253
2024-04-19,59.1,59.1,57.8,58.3,1101655
2024-04-22,58.3,58.9,58.1,58.3,304053
2024-04-23,58.5,59.0,58.4,58.5,279029
2024-04-24,59.0,59.5,58.6,59.2,532947
2024-04-25,59.0,59.7,59.0,59.5,303615
2024-04-26,59.3,59.8,59.2,59.5,356912
2024-04-29,59.5,61.0,59.5,60.9,1045309
2024-04-30,60.6,61.1,60.5,60.7,564934
2024-05-02,60.7,60.9,60.0,60.7,345169
2024-05-03,61.3,63.5,60.8,62.5,3576747
2024-05-06,64.5,68.0,64.4,65.5,6171461
2024-05-07,66.3,67.3,65.3,66.9,3931145
2024-05-08,67.2,68.0,65.8,66.2,2412056
2024-05-09,67.0,69.1,66.9,67.9,7590110
2024-05-10,67.9,67.9,66.2,66.9,2339721
2024-05-13,66.9,66.9,65.6,66.4,1524253
2024-05-14,66.8,67.5,66.2,66.5,1049613
2024-05-15,66.3,67.1,66.2,66.2,1158625
2024-05-16,66.7,67.5,66.5,67.4,1919235
2024-05-17,67.4,67.6,66.9,67.5,1156394
2024-05-20,67.5,68.8,67.1,68.5,1990370
2024-05-21,69.5,69.5,67.8,68.0,2159774
2024-05-22,68.3,69.9,68.3,69.1,2121726
2024-05-23,68.8,69.0,67.4,68.3,1240150
2024-05-24,68.1,70.0,67.8,70.0,2785331
2024-05-27,71.0,71.5,69.6,69.7,2379161
2024-05-28,70.1,70.4,69.5,69.7,1766803
2024-05-29,69.8,70.3,69.4,70.0,1192099
2024-05-30,69.6,69.6,68.0,68.4,1232344
2024-05-31,68.3,69.9,68.0,68.2,1185781
2024-06-03,69.4,69.4,68.2,68.7,750275
2024-06-04,68.5,69.2,68.4,69.0,555480
2024-06-05,69.0,69.3,68.4,68.7,595152
2024-06-06,68.8,69.1,67.5,68.5,656570
2024-06-07,68.4,69.2,68.4,68.9,612845
2024-06-11,69.0,69.0,68.0,68.0,613166
2024-06-12,67.8,67.9,66.5,67.2,1509553
2024-06-13,67.7,68.1,67.4,68.0,713077
2024-06-14,68.3,69.0,67.9,68.7,1019846
2024-06-17,69.3,69.6,68.8,68.8,1036850
2024-06-18,69.0,69.1,68.2,68.5,822949
2024-06-19,68.6,68.7,68.0,68.0,708548
2024-06-20,68.0,68.2,67.6,68.0,733312
2024-06-21,67.8,68.8,67.7,68.5,717232
2024-06-24,68.3,69.0,68.2,68.7,1685864
2024-06-25,68.3,68.8,67.4,68.3,1824029
2024-06-26,68.0,68.8,68.0,68.3,1920178
2024-06-27,64.4,65.0,62.1,63.3,5867396
2024-06-28,62.9,63.8,62.9,63.5,1193166
2024-07-01,63.8,64.2,63.3,63.9,606571
2024-07-02,63.9,64.1,63.0,63.2,800350
2024-07-03,63.4,64.5,63.4,64.1,854321
2024-07-04,64.9,64.9,64.0,64.1,506479
2024-07-05,64.2,65.5,64.2,65.1,877938
2024-07-08,65.1,65.6,63.6,63.7,900345
2024-07-09,63.7,63.7,62.8,63.3,675159
2024-07-10,63.3,63.3,62.9,62.9,516259
2024-07-11,63.0,64.3,62.5,63.7,817375
2024-07-12,63.6,63.7,62.8,63.1,618013
2024-07-15,63.2,63.2,62.7,63.0,612481
2024-07-16,63.5,67.0,63.5,66.3,3702423
2024-07-17,66.6,66.9,65.4,65.4,1419428
2024-07-18,64.8,64.8,63.5,64.1,1093841
2024-07-19,64.2,64.2,63.0,63.0,776607
2024-07-22,63.0,63.0,60.8,61.3,1088407
2024-07-23,61.5,62.2,61.5,62.0,339671
2024-07-26,61.0,62.0,60.3,61.8,509981
2024-07-29,62.5,62.5,61.2,61.4,539689
2024-07-30,61.4,62.4,60.6,62.0,673088
2024-07-31,61.7,64.8,61.7,64.3,1101295
2024-08-01,65.2,65.9,64.4,64.6,1094812
2024-08-02,63.8,64.9,63.3,63.6,587273
2024-08-05,62.0,62.0,58.8,59.2,2198999
2024-08-06,59.7,60.5,56.7,59.4,1809388
2024-08-07,60.4,63.9,60.4,63.0,1720622
2024-08-08,62.6,62.7,61.8,62.0,728658
2024-08-09,63.0,63.8,62.4,62.5,512383
2024-08-12,63.2,63.2,62.1,62.5,540502
2024-08-13,62.8,62.8,61.5,62.4,561840
2024-08-14,62.7,63.0,62.3,62.6,338948
2024-08-15,62.4,63.3,62.2,62.6,376149
2024-08-16,63.2,63.3,62.8,62.8,370422
2024-08-19,63.1,63.1,62.4,62.5,254105
2024-08-20,62.8,63.3,62.5,62.5,352809
2024-08-21,62.7,62.7,62.0,62.3,229248
2024-08-22,62.3,62.5,62.1,62.1,226206
2024-08-23,62.0,62.1,61.5,62.1,247740
2024-08-26,62.3,62.9,62.2,62.3,213435
2024-08-27,62.2,62.3,61.9,62.3,181406
2024-08-28,62.6,62.6,62.0,62.2,271840
2024-08-29,62.0,62.5,61.8,62.5,244862
2024-08-30,62.5,63.3,62.5,62.6,342475
2024-09-02,62.6,62.7,62.3,62.4,148043
2024-09-03,62.4,62.7,62.2,62.4,181421
2024-09-04,61.0,61.0,58.9,60.3,756090
2024-09-05,60.6,60.8,60.0,60.0,457137
2024-09-06,60.8,61.8,60.7,61.5,322650
2024-09-09,61.0,61.0,60.3,61.0,387339
2024-09-10,61.2,61.5,60.5,60.7,182892
2024-09-11,61.1,61.1,60.6,60.9,205856
2024-09-12,61.2,61.5,61.1,61.3,159742
2024-09-13,61.4,62.4,61.2,61.8,305586
2024-09-16,62.3,62.3,61.6,61.9,161497
2024-09-18,61.8,61.9,61.3,61.3,166990
2024-09-19,61.4,61.8,61.3,61.6,151134
2024-09-20,61.6,62.0,61.5,61.7,194112
2024-09-23,61.8,61.9,61.5,61.8,249744
2024-09-24,61.8,62.1,61.8,62.1,221684
2024-09-25,62.4,62.7,62.2,62.4,327536
2024-09-26,62.7,63.0,62.1,62.5,229680
2024-09-27,62.9,63.0,62.4,62.6,350516
2024-09-30,62.6,62.6,61.7,62.0,391984
2024-10-01,62.0,62.0,61.2,61.6,407388
2024-10-04,61.4,61.5,60.9,61.3,531661
2024-10-07,61.7,62.5,61.7,62.4,485148
2024-10-08,62.4,62.6,61.8,62.5,213105
2024-10-09,62.4,62.5,61.8,62.0,268157
2024-10-11,62.3,62.3,61.5,61.7,233000
2024-10-14,61.7,62.5,61.6,62.5,274995
2024-10-15,62.5,62.9,62.2,62.7,311027
2024-10-16,62.7,62.7,62.0,62.0,588862
2024-10-17,62.1,62.5,62.1,62.3,257916
2024-10-18,62.5,62.6,61.6,61.6,300835
2024-10-21,61.9,62.0,61.2,61.3,359541
2024-10-22,61.5,61.8,61.4,61.8,171268
2024-10-23,61.6,62.0,61.5,61.7,198596
2024-10-24,61.6,61.8,61.3,61.6,259265
2024-10-25,61.5,61.6,61.3,61.6,256370
2024-10-28,61.6,61.8,61.0,61.0,411228
2024-10-29,61.0,61.0,60.1,60.8,298496
2024-10-30,60.8,61.0,60.3,60.6,258385
2024-11-01,60.2,61.2,59.8,60.7,341951
2024-11-04,60.6,61.0,60.4,60.4,295677
2024-11-05,60.7,60.7,60.3,60.4,140520
2024-11-06,60.4,60.9,60.4,60.5,197634
2024-11-07,61.2,61.7,61.2,61.7,485007
2024-11-08,61.5,62.6,61.5,62.3,580493
2024-11-11,62.6,62.8,62.3,62.8,386055
2024-11-12,62.6,62.8,62.0,62.4,420762
2024-11-13,62.4,63.5,62.4,62.5,579049
2024-11-14,63.7,68.7,63.7,68.7,16182407
2024-11-15,69.5,75.5,66.3,67.3,43624049
2024-11-18,68.0,71.6,65.0,65.1,21228359
2024-11-19,66.5,67.4,64.7,65.4,10148354
2024-11-20,65.4,66.9,64.2,65.5,4524533
2024-11-21,66.0,67.4,64.8,66.4,5988869
2024-11-22,66.5,67.7,65.7,66.7,3838946
2024-11-25,67.0,73.3,67.0,72.6,16489844
2024-11-26,72.2,72.6,69.1,71.3,11613981
2024-11-27,73.4,74.0,69.6,70.0,16051682
2024-11-28,70.9,75.0,70.2,74.7,29833319
2024-11-29,72.1,75.2,71.1,73.3,22002634
2024-12-02,73.3,73.4,71.2,72.4,9078031
2024-12-03,73.2,74.6,70.5,70.8,13187359
2024-12-04,71.7,77.8,71.2,77.8,23440769
2024-12-05,79.0,84.3,76.1,76.7,47823687
2024-12-06,76.6,76.6,73.7,74.5,12297507
2024-12-09,74.9,75.0,70.4,71.8,10402063
2024-12-10,71.7,72.5,70.4,70.4,4070743
2024-12-11,70.2,71.7,70.2,70.6,2818508
2024-12-12,71.3,72.1,70.3,70.6,2780050
2024-12-13,70.7,71.0,68.3,68.9,4211752
2024-12-16,69.3,69.5,67.3,67.7,2709832
2024-12-17,68.1,68.7,67.2,68.0,1775254
2024-12-18,67.6,70.5,67.4,68.7,3232294
2024-12-19,67.2,68.3,67.2,67.8,1420260
2024-12-20,67.8,68.7,67.4,67.6,1332889
2024-12-23,68.1,69.3,68.0,68.2,1446590
2024-12-24,68.8,68.8,67.8,68.0,1279529
2024-12-25,68.5,70.5,68.3,69.8,3219514
2024-12-26,69.8,71.2,69.6,70.0,2505916
2024-12-27,70.6,71.2,69.5,70.0,1954664
2024-12-30,70.7,71.6,69.0,69.3,1872177
2024-12-31,69.3,70.4,68.6,69.7,1454793
2025-01-02,70.5,70.5,68.5,68.5,1324372
2025-01-03,68.9,69.3,67.4,67.7,1214907
2025-01-06,68.0,68.8,67.5,68.3,832615
2025-01-07,69.1,69.1,67.8,67.8,865176
2025-01-08,67.8,68.2,66.7,67.5,1281149
2025-01-09,67.2,67.8,65.8,66.0,1548634
2025-01-10,66.0,66.4,65.7,66.0,768573
2025-01-13,65.2,65.2,63.6,64.0,1379732
2025-01-14,64.1,65.5,64.0,65.5,484351
2025-01-15,65.6,66.0,64.9,65.2,394960
2025-01-16,66.1,66.1,65.1,65.1,512855
2025-01-17,65.1,67.5,64.6,65.5,941099
2025-01-20,65.8,66.8,65.4,65.9,750790
2025-01-21,66.5,67.9,66.2,66.9,2088630
2025-01-22,67.0,68.2,66.5,66.6,2075738
2025-02-03,65.0,65.6,64.1,65.5,1219969
2025-02-04,65.8,66.4,65.0,65.4,557458
2025-02-05,66.0,68.5,66.0,68.2,2219655
2025-02-06,68.3,69.3,68.1,68.7,1535438
2025-02-07,72.5,74.0,71.2,72.0,7966239
2025-02-10,72.0,73.4,71.6,72.5,4350494
2025-02-11,72.8,73.7,72.4,73.6,4536599
2025-02-12,74.5,76.6,72.6,72.7,8584405
2025-02-13,73.4,74.3,73.0,73.5,3282952
2025-02-14,73.7,73.8,71.3,71.9,3692944
2025-02-17,71.0,72.0,70.8,71.8,1604555
2025-02-18,72.1,72.3,71.5,71.5,1019152
2025-02-19,71.5,71.7,71.0,71.0,1049045
2025-02-20,71.1,72.0,70.8,71.4,1110788
2025-02-21,71.4,72.0,71.3,71.6,738913
2025-02-24,71.6,72.1,71.0,71.7,660809
2025-02-25,71.7,71.7,70.3,70.5,1805117
2025-02-26,70.1,71.3,69.3,71.2,1174517
2025-02-27,71.5,72.0,70.5,71.0,994544
2025-03-03,70.5,70.9,69.9,70.0,818658
2025-03-04,69.2,70.6,68.6,70.4,826606
2025-03-05,70.8,70.8,69.9,70.3,737256
2025-03-06,70.4,71.1,70.3,70.3,466005
2025-03-07,71.0,71.8,70.5,70.8,1504675
2025-03-10,70.8,71.6,70.4,71.3,976626
2025-03-11,69.6,70.7,69.3,70.4,1299470
2025-03-12,70.6,72.4,70.6,71.8,1361704
2025-03-13,72.5,74.4,71.7,71.9,4149176
2025-03-14,73.2,74.1,72.5,73.5,3420295
2025-03-17,74.4,74.8,73.8,74.2,2610593
2025-03-18,74.7,75.5,74.3,74.9,3389922
2025-03-19,75.7,75.7,74.1,74.7,1845592
2025-03-20,75.3,75.5,74.2,74.9,1291576
2025-03-21,74.9,75.1,73.3,73.5,1346418
2025-03-24,73.8,73.8,71.5,71.7,1527068
2025-03-25,72.1,72.4,71.1,71.3,772893
2025-03-26,71.7,71.9,71.1,71.6,519545
2025-03-27,71.6,71.9,70.9,71.9,493167
2025-03-28,71.5,71.5,69.9,70.6,1153170
2025-03-31,68.6,69.3,67.3,67.7,1953311
2025-04-01,67.7,69.0,67.7,68.5,761626
2025-04-02,68.9,72.2,68.3,72.2,1786612
2025-04-07,65.0,65.0,65.0,65.0,329475
2025-04-08,59.1,61.3,58.6,60.3,3547006
2025-04-09,59.9,60.7,54.7,55.3,3320075
2025-04-10,60.8,60.8,60.8,60.8,480975
2025-04-11,59.5,60.6,56.2,60.5,1941234
2025-04-14,61.0,62.5,60.6,61.0,2054243
2025-04-15,62.0,63.5,61.8,63.0,1433894
2025-04-16,63.4,63.4,61.8,61.8,970846
2025-04-17,61.6,62.1,60.8,61.1,693455
2025-04-18,61.8,63.0,61.5,61.6,814455
2025-04-21,61.5,61.5,59.9,59.9,850277
2025-04-22,59.2,60.5,59.2,59.5,490032
2025-04-23,60.8,61.4,60.6,61.1,516643
2025-04-24,61.5,61.8,61.0,61.8,437198
2025-04-25,62.5,62.8,62.3,62.4,674854
2025-04-28,62.5,63.5,62.4,63.4,683208
2025-04-29,64.0,64.5,63.7,64.3,572262
2025-04-30,64.3,65.2,64.0,64.5,792965
2025-05-02,65.7,66.5,65.0,65.8,1111578
2025-05-05,66.0,66.1,63.1,63.3,1025662
2025-05-06,63.3,64.8,63.3,64.0,594878
2025-05-07,64.3,65.5,63.9,64.5,1045720
2025-05-08,69.3,70.9,68.7,70.9,5015856
2025-05-09,70.9,74.0,70.4,73.7,16897812
2025-05-12,74.7,74.9,72.8,73.7,4447765
2025-05-13,74.0,74.2,73.1,73.8,2672894
2025-05-14,74.1,75.7,73.5,75.7,4773431
2025-05-15,76.0,76.3,75.2,76.2,5065228
2025-05-16,77.3,77.6,75.6,75.6,3336078
2025-05-19,75.6,76.1,74.9,75.1,1922778
2025-05-20,75.9,76.3,74.8,75.1,1203982
2025-05-21,75.8,76.3,75.2,75.7,1270995
2025-05-22,75.5,76.4,75.2,76.4,1393014
2025-05-23,76.4,76.8,75.2,75.3,1214530
2025-05-26,75.3,75.9,74.9,75.1,795666
2025-05-27,75.6,76.8,74.2,74.9,1385497
2025-05-28,75.5,76.3,75.0,75.7,934578
2025-05-29,76.2,77.8,76.1,77.3,4813102
2025-06-02,77.2,79.0,75.3,76.0,3319889
2025-06-03,76.1,77.5,76.1,77.3,1876573
2025-06-04,78.0,78.5,77.5,78.5,2639300
2025-06-05,79.2,79.2,75.8,76.5,3229218
2025-06-06,76.0,77.5,75.8,77.5,1421387
2025-06-09,78.2,78.2,77.0,77.3,920451
2025-06-10,77.9,78.2,77.3,77.7,1217345
2025-06-11,78.2,78.7,77.1,78.3,1848746
2025-06-12,78.5,78.5,77.4,77.7,1127476
2025-06-13,77.5,77.5,75.8,76.9,1235403
2025-06-16,76.5,77.9,76.5,77.9,1288857
2025-06-17,78.2,81.2,78.0,78.1,3859407
2025-06-18,78.8,79.1,78.2,78.3,832073
2025-06-19,78.5,79.0,77.7,77.7,1091549
2025-06-20,77.7,78.0,74.3,74.4,2482656
2025-06-23,72.7,73.9,72.1,73.6,973121
2025-06-24,74.2,75.5,74.1,74.7,863690
2025-06-25,75.4,75.8,74.5,75.6,1096902
2025-06-26,76.1,76.1,74.8,74.8,1364445
2025-06-27,77.0,79.1,75.4,75.4,4966129
2025-06-30,76.0,77.4,75.4,75.8,2982679
2025-07-01,76.9,80.8,76.8,77.2,11422123
2025-07-02,77.5,80.6,76.8,79.4,15538904
2025-07-03,75.3,75.7,72.4,74.4,7695115
2025-07-04,74.4,74.4,71.5,71.5,3740740
2025-07-07,71.5,71.5,67.4,67.4,9410370
2025-07-08,67.9,69.4,67.9,69.3,2075844
2025-07-09,69.6,71.2,69.1,71.2,2121969
2025-07-10,71.1,71.4,70.5,71.2,761198
2025-07-11,70.9,72.4,70.9,72.3,970405
2025-07-14,72.3,73.7,72.2,73.7,1549471
2025-07-15,0.0,0.0,0.0,0.0,0
2025-07-16,81.0,81.0,81.0,81.0,2171322
2025-07-17,80.3,80.8,76.6,79.1,12559524
2025-07-18,79.8,79.8,77.3,77.5,2986727
2025-07-21,78.0,78.2,76.8,76.8,1452827
2025-07-22,77.0,77.0,74.7,74.9,2541494
2025-07-23,75.0,75.9,75.0,75.6,1002647
2025-07-24,75.8,76.3,75.2,75.6,593318
2025-07-25,75.6,75.8,75.2,75.3,465635
2025-07-28,75.7,76.5,75.2,75.9,665173
2025-07-29,75.9,76.7,75.0,75.3,637373
2025-07-30,75.6,76.5,75.2,76.1,672365
2025-07-31,76.0,76.0,75.6,75.9,569120
2025-08-01,75.8,76.7,74.6,76.3,955172
2025-08-04,75.9,77.1,75.2,76.9,884987
2025-08-05,77.1,78.0,77.1,77.5,1410336
2025-08-06,77.7,78.0,77.0,77.2,888045
2025-08-07,74.9,74.9,69.8,73.2,11502968
2025-08-08,72.8,72.9,70.7,70.7,3816311
2025-08-11,70.7,70.7,70.0,70.1,1450527
2025-08-12,70.2,70.6,69.5,69.6,1753290
2025-08-13,70.1,70.3,69.1,69.3,1417499
2025-08-14,69.8,70.1,69.5,69.6,913901
2025-08-15,69.4,69.9,69.4,69.5,786115
2025-08-18,70.0,70.4,69.5,69.6,834363
2025-08-19,69.7,69.9,69.1,69.1,616169
2025-08-20,69.3,69.3,67.8,68.1,948614
2025-08-21,68.6,69.4,68.6,69.0,472007
2025-08-22,68.7,69.9,68.7,69.1,563043
2025-08-25,69.9,70.2,69.3,69.6,431992
2025-08-26,69.5,70.0,69.4,69.5,482781
2025-08-27,69.7,70.5,69.7,70.5,626136
2025-08-28,70.8,71.2,70.3,70.5,932647
2025-08-29,70.7,70.8,70.1,70.1,558442
2025-09-01,69.9,70.3,68.6,68.7,697728
2025-09-02,68.9,69.4,68.0,68.6,480170
2025-09-03,68.6,69.3,68.6,69.1,300928
2025-09-04,69.2,70.4,69.2,70.4,805615
2025-09-05,71.3,72.0,70.9,71.4,1512715
2025-09-08,72.0,72.7,71.6,72.0,1266603
2025-09-09,72.5,72.7,71.7,71.9,848239
2025-09-10,72.2,72.5,71.8,72.3,909458
2025-09-11,72.5,72.7,70.7,70.8,1026934
2025-09-12,71.5,73.3,71.5,73.0,2369945
2025-09-15,73.4,73.4,72.0,72.2,968803
2025-09-16,72.2,72.7,71.5,72.6,1012926
2025-09-17,72.8,74.0,72.4,72.8,2125849
2025-09-18,73.5,73.9,72.9,73.7,1169456
2025-09-19,74.1,77.5,73.4,76.0,8071553
2025-09-22,76.1,77.9,75.3,75.8,4458491
2025-09-23,76.0,76.4,74.6,74.8,1970517
2025-09-24,75.0,76.6,73.9,76.3,2523717
2025-09-25,76.0,76.8,74.1,74.2,1853801
2025-09-26,74.0,75.9,73.2,74.2,2749199
2025-09-30,74.2,75.7,73.7,75.4,1114925
2025-10-01,75.4,77.1,74.3,74.4,1155602
2025-10-02,75.1,75.3,73.9,74.1,742513
2025-10-03,73.9,75.1,73.9,74.5,949650
2025-10-07,75.3,76.5,74.8,76.3,2299071
2025-10-08,76.8,77.5,76.4,77.0,2111961
2025-10-09,77.5,77.6,76.3,76.4,1291511
2025-10-13,74.0,75.9,73.6,75.9,1138179
2025-10-14,76.5,76.5,73.5,73.7,1740595
2025-10-15,74.6,75.2,73.6,75.2,727619
2025-10-16,75.2,76.9,75.2,76.3,1648006
2025-10-17,76.6,80.6,76.6,78.7,11124876
2025-10-20,80.0,83.0,78.7,81.1,14517811
2025-10-21,81.2,84.1,80.5,82.9,13194404
2025-10-22,83.4,85.8,82.3,85.0,8779126
2025-10-23,85.9,91.0,85.5,89.0,17779258
2025-10-27,93.1,97.3,91.0,95.0,19013995
2025-10-28,95.1,103.0,94.2,98.0,29736792
2025-10-29,99.1,102.5,93.0,93.5,13977077
2025-10-30,93.0,95.5,90.3,92.0,9556242
2025-10-31,92.0,92.0,89.0,90.2,4184697
2025-11-03,91.1,92.4,88.2,90.3,5829815
2025-11-04,90.0,90.0,84.4,84.9,6252894
2025-11-05,83.4,84.4,81.7,83.3,3222101
2025-11-06,84.9,85.1,82.9,84.3,3407114
2025-11-07,82.9,83.3,80.6,80.6,3916908
2025-11-10,81.1,82.3,80.0,81.5,3834811
2025-11-11,82.2,86.0,82.2,83.0,5718894
2025-11-12,83.5,85.5,82.4,85.0,5260530
2025-11-13,88.2,93.5,87.5,93.5,11430987
2025-11-14,93.1,96.0,90.0,90.4,39481441
2025-11-17,90.1,90.1,82.8,83.0,14052514
2025-11-18,82.0,84.9,81.2,81.2,8999976
2025-11-19,81.7,84.2,80.5,82.0,5786476
2025-11-20,84.3,86.4,83.3,84.3,5406344
2025-11-21,82.8,84.7,82.5,83.0,3998138
2025-11-24,84.4,85.0,83.5,83.7,2430951
2025-11-25,85.0,85.4,83.2,84.0,2831962
2025-11-26,84.8,86.9,84.5,85.5,3227083
2025-11-27,86.5,90.5,85.8,88.8,6031972
2025-11-28,91.8,93.5,87.5,88.9,18655441
2025-12-01,88.6,88.6,86.5,86.5,3140776
2025-12-02,86.6,87.2,85.8,86.0,2240073
2025-12-03,87.1,88.9,87.0,88.4,3771446
2025-12-04,89.2,89.9,86.8,87.0,2973776
2025-12-05,85.3,87.8,85.3,87.6,2177119
2025-12-08,88.1,91.7,86.9,91.1,5722117
2025-12-09,91.5,95.4,89.8,94.1,15929020
2025-12-10,94.5,99.8,93.7,99.3,22906464
2025-12-11,103.5,108.0,99.0,106.0,45639828
2025-12-12,109.0,110.0,103.0,104.5,24892289
2025-12-15,102.0,104.0,97.2,98.0,12165820
2025-12-16,97.2,98.9,92.1,94.3,8417180
2025-12-17,94.0,96.8,93.1,95.9,7084029
2025-12-18,94.9,97.5,93.6,93.6,4869109
2025-12-19,95.0,96.0,93.7,94.6,4164400
2025-12-22,95.0,95.5,93.9,94.7,3005125
2025-12-23,95.3,95.4,92.8,94.7,3720830
2025-12-24,95.0,97.0,93.2,93.3,5592145
2025-12-26,93.8,94.7,93.0,93.5,2902407
2025-12-29,94.0,95.2,92.9,93.1,4197437
2025-12-30,93.6,94.9,91.7,93.7,3766498
2025-12-31,94.4,100.5,93.9,98.4,14832088
2026-01-02,99.0,108.0,97.7,108.0,23082637
2026-01-05,112.0,113.0,99.9,101.5,31808008
2026-01-06,103.0,110.0,101.5,108.0,18100293
2026-01-07,107.5,109.0,104.5,105.0,9651969
2026-01-08,104.5,104.5,99.2,99.7,10115731
2026-01-09,100.5,104.0,98.3,101.0,7648369
2026-01-12,100.5,104.5,100.5,101.5,5696637
2026-01-13,102.0,102.5,98.0,102.5,9434506
2026-01-14,104.5,108.5,102.5,103.0,21930849
2026-01-15,103.5,105.5,101.0,102.0,6480459
2026-01-16,102.5,103.0,99.6,100.5,7035155
2026-01-19,100.5,104.5,99.7,104.0,8033496
2026-01-20,103.0,103.0,100.0,101.5,4862473
2026-01-21,100.0,101.5,99.1,99.5,4774561
2026-01-22,101.5,105.0,101.5,101.5,7741226
2026-01-23,103.0,104.0,99.3,101.5,4199236
2026-01-26,102.0,102.0,99.5,99.5,2976821
2026-01-27,100.5,101.0,98.6,99.0,3447938
2026-01-28,99.9,99.9,96.0,96.6,4413918
2026-01-29,97.0,97.6,94.0,94.5,3330395
2026-01-30,94.5,95.7,92.2,92.5,2875346
2026-02-02,89.8,90.6,88.0,88.8,3047822
2026-02-03,91.2,91.3,88.6,90.4,1870753
2026-02-04,90.0,90.9,89.5,90.6,1535636
2026-02-05,90.0,94.8,89.8,92.5,4181957
2026-02-06,92.7,93.3,89.1,91.5,3508129
2026-02-09,94.5,95.0,91.7,92.6,1965748
2026-02-10,92.7,93.4,91.5,91.7,1686994
2026-02-11,94.0,94.2,90.2,92.9,3375054
2026-02-23,94.0,99.9,94.0,98.1,7455875
2026-02-24,98.5,102.0,98.0,101.0,8130620
2026-02-25,103.0,103.0,99.9,102.5,5741177
2026-02-26,102.5,103.0,99.3,99.7,6635557
2026-03-02,95.0,97.5,94.4,96.7,2899258
2026-03-03,97.9,99.0,93.8,94.1,3694869
2026-03-04,92.6,92.8,88.4,89.2,3536055
2026-03-05,92.0,93.5,91.7,93.1,2108142
2026-03-06,91.7,94.4,91.6,92.6,1390714
2026-03-09,87.0,88.2,84.4,88.1,2567088
2026-03-10,91.0,91.7,88.5,91.0,2398690
2026-03-11,91.0,94.0,91.0,92.5,1865363
2026-03-12,92.4,92.4,89.3,90.0,3381569
2026-03-13,89.0,93.4,88.5,92.4,2456024
2026-03-16,93.0,94.6,92.0,94.2,1839783
2026-03-17,95.2,101.5,95.1,100.0,6245446
2026-03-18,101.5,102.5,98.3,99.5,4239244
2026-03-19,98.9,101.5,98.3,99.4,2546742
2026-03-20,100.5,102.0,95.3,95.3,4695109
2026-03-23,92.5,94.2,91.4,93.0,1446472
2026-03-24,94.7,95.7,90.2,91.3,1822317
2026-03-25,93.8,94.6,93.3,93.6,1286903
2026-03-26,94.5,95.3,92.5,92.5,1343555
2026-03-27,91.1,96.5,90.6,96.3,2363607
2026-03-30,94.0,94.4,91.5,93.5,2172053
2026-03-31,92.7,94.4,90.3,90.5,2169671
2026-04-01,93.0,93.8,92.4,92.5,1032893
2026-04-02,92.9,93.2,90.4,90.7,1507458
2026-04-07,91.6,92.7,90.8,91.0,1307868
2026-04-08,92.4,95.5,92.4,94.3,2861288
2026-04-09,95.0,100.5,94.5,99.9,6809862
2026-04-10,101.0,103.0,99.2,100.0,6732318
2026-04-13,102.5,106.0,100.5,103.5,11984016
2026-04-14,105.0,107.0,103.0,106.5,11014036
2026-04-15,111.0,112.0,105.0,107.0,12097970
2026-04-16,107.5,110.0,104.0,108.5,7660962
2026-04-17,110.0,114.0,108.5,108.5,11660861
2026-04-20,111.0,114.5,109.0,109.0,8107499
2026-04-21,110.0,111.5,106.0,108.0,4221067
2026-04-22,108.5,108.5,104.5,105.5,4147113
2026-04-23,106.5,107.0,97.6,98.5,5942726
2026-04-24,100.0,100.0,94.1,96.4,6679109
2026-04-27,96.4,97.0,92.8,95.9,3094014
2026-04-28,96.3,100.5,95.8,99.7,4259253
2026-04-29,100.5,100.5,97.6,98.4,1877529
2026-04-30,98.9,99.5,96.0,96.3,2407728
2026-05-04,98.0,105.5,96.9,105.5,7133525
2026-05-05,107.0,114.0,106.0,109.5,14447650
2026-05-06,110.0,110.5,104.0,105.5,7144216
2026-05-07,107.5,116.0,105.5,116.0,18920314
2026-05-08,120.0,123.5,112.0,113.5,28382734
2026-05-11,114.0,119.0,110.5,116.5,12703001
2026-05-12,118.0,122.5,112.5,120.5,16522348
2026-05-13,117.5,126.0,115.5,122.5,15912296
2026-05-14,130.5,134.5,126.0,129.5,28643066
2026-05-15,133.5,142.0,132.0,142.0,14966884
2026-05-18,141.5,149.5,137.0,148.0,36767872
2026-05-19,157.0,162.5,155.5,162.5,32596718
2026-05-20,167.5,178.5,164.0,178.5,27555348
2026-05-21,186.0,196.0,182.5,196.0,61149169
2026-05-22,196.0,215.5,188.0,215.0,9230982
2026-05-25,229.5,236.5,229.5,236.5,4254466
2026-05-26,232.5,233.0,213.0,232.0,8243394
2026-05-27,232.0,241.0,226.0,231.0,2434000
2026-05-28,231.0,233.0,208.5,208.5,2940019
2026-05-29,221.5,229.0,208.0,229.0,2746634
2026-06-01,225.0,251.0,225.0,233.5,2078112
2026-06-02,233.0,233.0,215.0,220.0,2465213
2026-06-03,216.0,220.0,212.5,214.0,1671944
2026-06-04,210.0,221.0,208.5,221.0,2284892
2026-06-05,206.0,221.5,200.0,221.0,1832010
2026-06-08,199.0,210.0,199.0,209.5,1681081
2026-06-09,212.0,230.0,209.5,230.0,2125056
2026-06-10,238.0,253.0,211.0,212.0,22645462
2026-06-11,220.5,233.0,204.5,233.0,26407041
2026-06-12,247.5,256.0,241.0,256.0,38888837
2026-06-15,273.5,281.5,271.0,281.5,13979967
2026-06-16,286.5,309.0,274.0,275.0,36150880
2026-06-17,270.0,302.5,268.5,302.5,25669966
2026-06-18,320.0,332.5,316.0,332.5,23571289
2026-06-22,339.0,365.0,335.0,335.5,27078260
2026-06-23,321.0,321.0,302.5,302.5,3302472
2026-06-24,290.0,303.0,289.0,303.0,1466166
2026-06-25,310.5,321.0,310.5,321.0,1113325
2026-06-26,307.0,318.5,299.0,310.0,1558622
2026-06-29,308.0,316.5,298.0,304.0,906138
2026-06-30,315.0,333.5,314.0,322.5,927451
2026-07-01,323.0,335.0,316.0,316.0,1398517
2026-07-02,307.0,311.0,295.5,311.0,1159577
2026-07-03,305.0,320.0,298.0,318.5,811000
2026-07-06,330.0,340.0,315.0,340.0,956055
