stock_id,stock_name,industry_category,market_type
3629,地心引力,光電業,
5481,新華,電子零組件業,
5450,寶聯通,電腦及週邊設備業,
3687,歐買尬,文化創意業,
6238,勝麗,其他電子類,
00835B,第一金科技債10+,上櫃指數股票型基金(ETF),
00837B,永豐15年金融債,上櫃指數股票型基金(ETF),
00798B,國泰中企A級債7+,上櫃指數股票型基金(ETF),
6497,亞獅康-KY,生技醫療業,
5349,先豐,電子零組件業,
01009T,王道圓滿R1,受益證券,
01001T,土銀富邦R1,受益證券,
01002T,土銀國泰R1,受益證券,
01003T,兆豐新光R1,受益證券,
01005T,三鼎,受益證券,
01007T,兆豐國泰R2,受益證券,
01004T,土銀富邦R2,受益證券,
01008T,駿馬R1,受益證券,
711134,中美晶群益9B購03,所有證券,
710509,建榮凱基9B購01,所有證券,
710505,泰博富邦9B購01,所有證券,
710502,泰博元大9B購01,所有證券,
710499,網家國泰9B購01,所有證券,
709994,中美晶元大9B購01,所有證券,
711133,寶雅永豐9B購01,所有證券,
711139,中美晶凱基9B購02,所有證券,
709985,大江富邦9B購02,所有證券,
709983,群聯日盛9B購01,所有證券,
709972,旺矽元大9B購01,所有證券,
709966,金居群益9B購01,所有證券,
711141,胡連凱基9B購01,所有證券,
709403,雙美國票9B購01,所有證券,
708785,信驊中信9B購01,所有證券,
711145,環球晶國票9B購02,所有證券,
73107P,原相國票9B售02,所有證券,
73193P,神盾元大9B售04,所有證券,
711140,旺矽凱基9B購01,所有證券,
710510,群聯凱基9B購03,所有證券,
711137,胡連群益9B購01,所有證券,
710590,鈺太凱基9B購01,所有證券,
711135,元太群益9B購01,所有證券,
710566,碩禾元大9B購01,所有證券,
710561,威剛元大9B購02,所有證券,
710560,宏捷科元大9B購02,所有證券,
711126,聯亞元大9B購05,所有證券,
711127,頎邦元大9B購03,所有證券,
710553,穩懋統一9B購03,所有證券,
711131,胡連永豐9B購01,所有證券,
710569,中美晶富邦9B購04,所有證券,
710534,鈺太元大9B購01,所有證券,
710575,環球晶中信9B購01,所有證券,
710533,鈊象元大9B購04,所有證券,
711132,僑威永豐9B購01,所有證券,
710516,宇峻永豐9B購01,所有證券,
8934,衡平,其他,
5304,鼎創達,電腦及週邊設備業,
00833B,第一金美債20+,上櫃指數股票型基金(ETF),
00855B,富邦全球能源債,上櫃指數股票型基金(ETF),
00854B,富邦全球保險債,上櫃指數股票型基金(ETF),
6438,迅得,其他電子類,
00874B,凱基BBB公司債15+,上櫃指數股票型基金(ETF),
00873B,凱基新興債1-5,上櫃指數股票型基金(ETF),
00871B,元大中國政金債,上櫃指數股票型基金(ETF),
6426,統新,通信網路業,
00868B,FT1-3年美公債,上櫃指數股票型基金(ETF),
3092,鴻碩,電子零組件業,
8499,鼎炫-KY,其他,
2241,艾姆勒,電機機械,
2459,敦吉,電子通路業,
3669,圓展,光電業,
6165,浪凡,電子工業,
6165,浪凡,電子零組件業,
1456,怡華,紡織纖維,
1453,大將,紡織纖維,
1443,立益,紡織纖維,
2429,銘旺科,電子零組件業,
2614,東森,貿易百貨,
3450,聯鈞,其他電子業,
6506,雙邦,化學工業,
8489,三貝德,文化創意業,
020017,永豐富櫃200N,指數投資證券(ETN),
5604,中連貨,航運業,
8354,冠好,塑膠工業,
6275,元山,其他電子類,
3313,斐成,電子零組件業,
5345,天揚,電子零組件業,
3685,元創精密,光電業,
3219,倚強股份,半導體業,
00839B,凱基醫療保健債,上櫃指數股票型基金(ETF),
00869B,FT10-25年公司債,上櫃指數股票型基金(ETF),
00832B,新光美債20+,上櫃指數股票型基金(ETF),
4152,台微體,生技醫療業,
00879B,第一金美債0-1,上櫃指數股票型基金(ETF),
00872B,凱基美債1-3,上櫃指數股票型基金(ETF),
00880B,第一金電信債15+,上櫃指數股票型基金(ETF),
2928,紅馬-KY,觀光事業,
3144,新揚科,電子零組件業,
4803,VHQ-KY,文化創意業,
020021,統一恒生科技N,指數投資證券(ETN),
8406,金可-KY,生技醫療業,
020003,統一漲升股利150N,指數投資證券(ETN),
020009,群益A50綠碳N,指數投資證券(ETN),
4429,聚紡,紡織纖維,
6431,光麗-KY,光電業,
2495,普安,其他電子業,
6431,光麗-KY,電子工業,
2340,台亞,光電業,
00838B,永豐7-10年中國債,上櫃指數股票型基金(ETF),
3512,皇龍,電子零組件業,
5209,新鼎,資訊服務業,
8080,永利聯合,電子零組件業,
5321,美而快,電子零組件業,
00889B,凱基ESG新興債15+,上櫃指數股票型基金(ETF),
5102,富強,橡膠工業,
00843B,台新中國政策債,上櫃指數股票型基金(ETF),
00796B,中信中國債7-10,上櫃指數股票型基金(ETF),
3652,精聯,電腦及週邊設備業,
020010,永昌富櫃200N,指數投資證券(ETN),
5820,日盛金,金融業,
3642,駿熠電,其他電子類,
00745B,富邦中政債0-1,上櫃指數股票型基金(ETF),
02003L,永豐富櫃200正2N,指數投資證券(ETN),
020013,元富亞洲高股息N,指數投資證券(ETN),
00747B,FH中國政策債,上櫃指數股票型基金(ETF),
020014,元大富櫃200N,指數投資證券(ETN),
6247,淇譽電,其他電子類,
00748B,凱基中國債3-10,上櫃指數股票型基金(ETF),
6869,雲豹能源-創,創新板股票,
6873,泓德能源-創,創新板股票,
6594,展匯科,半導體業,
2432,倚天,通信網路業,
00765B,群益中國政金債,上櫃指數股票型基金(ETF),
1258,其祥-KY,食品工業,
8472,夠麻吉,電子商務業,
8066,來思達,貿易百貨,
8462,柏文,觀光事業,
9960,邁達康,貿易百貨,
2754,亞洲藏壽司,觀光事業,
2755,揚秦,觀光事業,
2756,聯發國際,觀光事業,
3687,歐買尬,電子商務業,
6763,綠界科技,電子商務業,
8077,洛碁,觀光事業,
2916,滿心,貿易百貨,
6195,詩肯,貿易百貨,
2924,宏太-KY,貿易百貨,
1259,安心,觀光事業,
2937,集雅社,貿易百貨,
1268,漢來美食,觀光事業,
4804,大略-KY,觀光事業,
3522,御頂,觀光事業,
9943,好樂迪,觀光事業,
8433,弘帆,貿易百貨,
3085,新零售,電子商務業,
2753,八方雲集,觀光事業,
5278,尚凡,電子商務業,
3171,新洲,貿易百貨,
5287,數字,電子商務業,
8477,創業家,電子商務業,
3252,海灣,觀光事業,
5364,力麗店,觀光事業,
5301,寶得利,觀光事業,
5321,美而快,電子商務業,
2719,燦星旅,觀光事業,
2947,振宇五金,貿易百貨,
2752,豆府,觀光事業,
5903,全家,貿易百貨,
2712,遠雄來,觀光事業,
6741,91APP*-KY,電子商務業,
6728,上洋,貿易百貨,
2707,晶華,觀光事業,
5701,劍湖山,觀光事業,
2729,瓦城,觀光事業,
8941,關中,貿易百貨,
5904,寶雅,貿易百貨,
2701,萬企,觀光事業,
2702,華園,觀光事業,
2704,國賓,觀光事業,
5706,鳳凰,觀光事業,
2706,第一店,觀光事業,
8940,新天地,觀光事業,
2705,六福,觀光事業,
5704,老爺知,觀光事業,
2731,雄獅,觀光事業,
5703,亞都,觀光事業,
2732,六角,觀光事業,
5902,德記,貿易百貨,
2739,寒舍,觀光事業,
2740,天蔥,觀光事業,
5905,南仁湖,貿易百貨,
2724,富驛-KY,觀光事業,
8044,網家,電子商務業,
2723,美食-KY,觀光事業,
2718,晶悅,觀光事業,
2736,富野,觀光事業,
2727,王品,觀光事業,
2743,山富,觀光事業,
2745,五福,觀光事業,
2748,雲品,觀光事業,
2722,夏都,觀光事業,
2734,易飛網,觀光事業,
2726,雅茗-KY,觀光事業,
2062,橋椿,其他,
9910,豐泰,其他,
9934,成霖,其他,
3557,嘉威,其他,
9911,櫻花,其他,
8473,山林水,其他,
6165,浪凡,其他,
8462,柏文,觀光餐旅,
8422,可寧衛,其他,
5306,桂盟,其他,
9914,美利達,其他,
8467,波力-KY,其他,
9921,巨大,其他,
9955,佳龍,其他,
9924,福興,其他,
1598,岱宇,化學生技醫療,
1598,岱宇,生技醫療業,
9904,寶成,其他,
8438,昶昕,其他,
9930,中聯資源,其他,
8464,億豐,其他,
9935,慶豐富,其他,
4536,拓凱,其他,
9802,鈺齊-KY,其他,
8478,東哥遊艇,其他,
1472,三洋實業,紡織纖維,
6689,伊雲谷,其他電子業,
3708,上緯投控,化學工業,
3708,上緯投控,化學生技醫療,
6671,三能-KY,其他,
6768,志強-KY,其他,
6670,復盛應用,其他,
6641,基士德-KY,其他,
6754,匯僑設計,其他,
6581,鋼聯,其他,
3054,立萬利,半導體業,
3054,立萬利,電子工業,
6807,峰源-KY,其他,
1736,喬山,生技醫療業,
6806,森崴能源,其他,
1736,喬山,化學生技醫療,
2442,新美齊,電腦及週邊設備業,
6689,伊雲谷,電子工業,
2424,隴華,電腦及週邊設備業,
2442,新美齊,電子工業,
8454,富邦媒,貿易百貨,
3130,一零四,電子工業,
3130,一零四,資訊服務業,
1432,大魯閣,貿易百貨,
8341,日友,其他,
1439,雋揚,紡織纖維,
8482,商億-KY,其他,
8087,華鎂鑫,光電業,
8420,明揚,其他,
3551,世禾,其他電子類,
6803,崑鼎,其他,
6690,安碁資訊,資訊服務業,
8440,綠電,其他,
8171,天宇,通信網路業,
6629,泰金-KY,其他,
6616,特昇-KY,其他,
6804,明係,其他,
2718,晶悅,觀光餐旅,
2640,大車隊,其他,
8390,金益鼎,其他,
6811,宏碁資訊,資訊服務業,
8423,保綠-KY,其他,
1593,祺驊,生技醫療業,
3073,天方能源,半導體業,
3178,公準,電機機械,
6624,萬年清,其他,
4154,樂威科-KY,生技醫療業,
6123,上奇,電腦及週邊設備業,
8924,大田,其他,
5205,中茂,其他電子類,
8938,明安,其他,
4702,中美實,化學工業,
4609,唐鋒,電器電纜,
3713,新晶投控,光電業,
8933,愛地雅,其他,
8928,鉅明,其他,
4530,宏易,電機機械,
8476,台境,其他,
8916A,光隆甲特,其他,
3089,億杰,電子零組件業,
4129A,聯合甲特,生技醫療業,
4944,兆遠,光電業,
5281,大峽谷-KY,光電業,
8476,台境,綠能環保類,
00744B,國泰中國政金債5+,上櫃指數股票型基金(ETF),
6404,通訊-KY,資訊服務業,
020024,兆豐富櫃200N,指數投資證券(ETN),
02002L,兆豐富櫃200正二N,指數投資證券(ETN),
6472,保瑞,生技醫療業,
4736,泰博,生技醫療業,
8418,捷必勝-KY,其他,
6446,藥華藥,生技醫療業,
4712,南璋,食品工業,
4578,總格精密,電機機械,
3627,華信科,光電業,
6914,阜爾運通,其他,
6562,聯亞藥,生技醫療業,
4949,有成精密,光電業,
1563,巧新,電機機械,
6953,家碩,半導體業,
6423,億而得,半導體業,
6928,攸泰科技,電腦及週邊設備業,
6771,平和環保,綠能環保,
6794,向榮生技,生技醫療業,
6881,潤德,其他,
5383,金利,其他電子類,
8091,翔名,電子零組件業,
6198,瑞築,半導體業,
3465,進泰電子,電子零組件業,
5432,新門,光電業,
4419,元勝,紡織纖維,
6865,偉康科技,資訊服務業,
6903,巨漢,其他電子業,
6952,大武山,農業科技,
6813,富動科,電腦及週邊設備業,
6637,醫影,生技醫療業,
6951,青新,綠能環保,
6617,共信-KY,生技醫療業,
020026,兆豐上櫃ESG電菁N,指數投資證券(ETN),
7751,竑騰,電子工業,
3150,鈺寶,半導體業,
00831B,新光美債1-3,上櫃指數股票型基金(ETF),
7584,樂意,文化創意業,
6999,瀚醫生技,化學生技醫療,
6838,台新藥,生技醫療業,
5233,有量,其他電子業,
6968,萬達寵物,居家生活,
6958,日盛台駿,其他,
8041,東元精電,電機機械,
6739,竹陞科技,其他電子業,
2751,王座,觀光餐旅,
4772,台特化,化學工業,
6967,汎瑋材料,電子零組件業,
6923,中台,綠能環保,
1294,漢田生技,食品工業,
6913,鴻呈,電子零組件業,
6919,康霈*,生技醫療業,
6514,芮特-KY,通信網路業,
00721B,元大中國債3-5,上櫃指數股票型基金(ETF),
8272,全景軟體,資訊服務業,
2646,星宇航空,航運業,
6997,博弘,數位雲端,
7708,全家餐飲,觀光餐旅,
7722,LINEPAY,數位雲端,
6996,力領科技,半導體業,
6982,大井泵浦,電機機械,
7705,三商餐飲,觀光餐旅,
7704,明遠精密,半導體業,
6885,全福生技,生技醫療業,
7712,博盛半導體,半導體業,
6720,久昌,半導體業,
8045,達運光電,通信網路業,
6955,邦睿生技,生技醫療業,
7703,銳澤,其他電子業,
8420,明揚,運動休閒類,
6869,雲豹能源,創新版股票,
6873,泓德能源,創新版股票,
6757,台灣虎航-創,創新版股票,
1230,聯成食,電器電纜,
1601,台光,電器電纜,
1523,開億,電機機械,
1716,永信,化學生技醫療,
4733,上緯,化學工業,
1311,福聚,塑膠工業,
1606,歌林,電器電纜,
4733,上緯,化學生技醫療,
2833A,台壽甲,金融保險,
911612,滬安,存託憑證,
2833,台壽保,金融保險,
2827,中聯,金融保險,
2837,萬泰銀,金融保險,
2807,竹商銀,金融保險,
2831,中華銀,金融保險,
911619,耀傑-DR,存託憑證,
8078,華寶,電子工業,
2463,研揚,電子工業,
2452,乾坤,電子零組件業,
2463,研揚,電腦及週邊設備業,
2891A,中信特,金融保險,
2452,乾坤,電子工業,
2469,力信,電子工業,
6645,金萬林-創,創新版股票,
8078,華寶,通信網路業,
2887C,新丙特,金融保險,
2883A,開發特,金融保險,
2854,寶來證,金融保險,
2447,鼎新,電子工業,
2847,大眾銀,金融保險,
6119,大傳,電子工業,
911616,杜康-DR,存託憑證,
2447,鼎新,資訊服務業,
2469,力信,電子零組件業,
6119,大傳,電子通路業,
910579,歐聖,存託憑證,
3697,F-晨星,半導體業,
911201,僑威控,存託憑證,
2526,大陸,建材營造,
9110,越南控-DR,存託憑證,
910948,融達,存託憑證,
1107,建台,其他,
6702,興航,航運業,
910069,新曄,存託憑證,
9101,福雷電,存託憑證,
9102,東亞科,存託憑證,
911602,華豐泰,存託憑證,
020022,元大電動車N,ETN,
910322,康師傅-DR,存託憑證,
9104,萬宇科,存託憑證,
910482,聖馬丁-DR,存託憑證,
9105,泰金寶-DR,存託憑證,
8008,建興電,電子工業,
8008,建興電,電腦及週邊設備業,
9106,新焦點-DR,存託憑證,
910708,恒大健-DR,存託憑證,
910801,金衛-DR,存託憑證,
9103,美德醫療-DR,存託憑證,
020008,元大特股高息N,ETN,
020007,凱基臺灣500N,ETN,
020006,永昌中小300N,ETN,
2473,思源,電子工業,
3697,F-晨星,電子工業,
911611,中泰山-DR,存託憑證,
911610,聯環,存託憑證,
3702A,大聯大甲特,電子通路業,
911609,揚子江,存託憑證,
911608,明輝-DR,存託憑證,
2479,和立,電子工業,
6012,金鼎證,金融保險,
6004,元京證,金融保險,
00729R,第一金工業30反1,ETF,
6794,向榮生技-創,創新版股票,
5854,合庫,金融保險,
2494,廣業科,通信網路業,
2494,廣業科,電子工業,
911606,超級,存託憑證,
2446,全懋,電子工業,
6771,平和環保-創,創新版股票,
020002,元富新中國N,ETN,
020004,兆豐電菁英30N,ETN,
020005,永豐外資50N,ETN,
2473,思源,半導體業,
2446,全懋,半導體業,
3063,飛信,半導體業,
911626,MSH-DR,存託憑證,
9801,力霸,貿易百貨,
2341,英群,電子工業,
2341,英群,電腦及週邊設備業,
3584,介面,光電業,
6951,青新-創,創新版股票,
6949,沛爾生醫-創,創新版股票,
6280,崇貿,電子工業,
6286,立錡,半導體業,
6286,立錡,電子工業,
9188,精熙-DR,存託憑證,
6255,奈普,電子工業,
00906,大華元宇宙科技50,ETF,
3271,其樂達,電子工業,
3271,其樂達,半導體業,
2350,環電,電子工業,
2361,鴻友,電子工業,
3584,介面,電子工業,
2361,鴻友,電腦及週邊設備業,
3214,元砷,電子工業,
916665,爾必達,存託憑證,
6423,億而得-創,創新版股票,
6924,榮惠-KY創,創新版股票,
2350,環電,其他電子業,
6255,奈普,光電業,
3367,英華達,其他電子業,
2336,致伸,電腦及週邊設備業,
3534,雷凌,電子工業,
3534,雷凌,半導體業,
0060,新台灣,ETF,
3573,穎台,光電業,
0081,恒香港,ETF,
0080,恒中國,ETF,
5280,F-敦泰,半導體業,
5280,F-敦泰,電子工業,
9922,優美,其他,
3474,華亞科,電子工業,
00866,新光Shiller CAPE,ETF,
3474,華亞科,半導體業,
9915,億豐,其他,
3573,穎台,電子工業,
2254,巨鎧精密-創,創新版股票,
2258,鴻華先進-創,創新版股票,
6988,威力暘-創,創新版股票,
2315,神達,電子工業,
2315,神達,電腦及週邊設備業,
6969,成信實業*-創,創新版股票,
1520,復盛,其他,
2336,致伸,電子工業,
3367,英華達,電子工業,
911622,泰聚亨-DR,存託憑證,
2381,華宇,電子工業,
9157,陽光能源-DR,存託憑證,
3598,奕力,半導體業,
3063,飛信,電子工業,
2381,華宇,電腦及週邊設備業,
910861,神州-DR,存託憑證,
8162,微矽電子-創,創新版股票,
6854,錼創科技-KY創,創新版股票,
8487,愛爾達-創,創新版股票,
3061,璨圓,電子工業,
2418,雅新,電子工業,
3061,璨圓,光電業,
3009,奇美電,光電業,
9136,巨騰-DR,存託憑證,
912398,友佳-DR,存託憑證,
3638,F-IML,半導體業,
3053,鼎營,電子工業,
3053,鼎營,其他電子業,
6534,正瀚-創,創新版股票,
3009,奇美電,電子工業,
3020,奇普仕,電子通路業,
912000,晨訊科-DR,存託憑證,
3020,奇普仕,電子工業,
2432,倚天酷碁-創,創新版股票,
2411,飛瑞,電子工業,
2411,飛瑞,其他電子業,
3080,威力盟,光電業,
2403,友尚,電子通路業,
2384,勝華,光電業,
3598,奕力,電子工業,
2384,勝華,電子工業,
9151,旺旺,存託憑證,
2391,合勤,通信網路業,
3150,鈺寶-創,創新版股票,
3599,旺能,光電業,
3142,遠茂,電子工業,
2391,合勤,電子工業,
913889,大成糖,存託憑證,
3638,F-IML,電子工業,
3599,旺能,電子工業,
2396,精碟,光電業,
2396,精碟,電子工業,
3614,誠致,半導體業,
8199,廣鎵,電子工業,
8199,廣鎵,光電業,
6902,GOGOLOOK-創,創新版股票,
2403,友尚,電子工業,
3080,威力盟,電子工業,
3614,誠致,電子工業,
3007,綠點,電子工業,
911868,同方友友-DR,存託憑證,
6457,紘康,半導體業,
00694B,富邦美債1-3,上櫃指數股票型基金(ETF),
00679B,元大美債20年,上櫃指數股票型基金(ETF),
00696B,富邦美債20年,上櫃指數股票型基金(ETF),
00695B,富邦美債7-10,上櫃指數股票型基金(ETF),
00687B,國泰20年美債,上櫃指數股票型基金(ETF),
006201,元大富櫃50,上櫃指數股票型基金(ETF),
00697B,元大美債7-10,上櫃指數股票型基金(ETF),
00955,中信日本商社,上櫃指數股票型基金(ETF),
00877,復華中國5G,上櫃指數股票型基金(ETF),
00937B,群益ESG投等債20+,上櫃指數股票型基金(ETF),
00794B,群益7+中國政金債,上櫃指數股票型基金(ETF),
00846B,富邦歐洲銀行債,上櫃指數股票型基金(ETF),
00942B,台新美A公司債20+,上櫃指數股票型基金(ETF),
00773B,中信優先金融債,上櫃指數股票型基金(ETF),
00840B,凱基IG精選15+,上櫃指數股票型基金(ETF),
00948B,中信優息投資級債,上櫃指數股票型基金(ETF),
00950B,凱基A級公司債,上櫃指數股票型基金(ETF),
00772B,中信高評級公司債,上櫃指數股票型基金(ETF),
00845B,富邦新興投等債,上櫃指數股票型基金(ETF),
00790B,復華次順位金融債,上櫃指數股票型基金(ETF),
00957B,兆豐US優選投等債,上櫃指數股票型基金(ETF),
00958B,永豐ESG銀行債15+,上櫃指數股票型基金(ETF),
00959B,大華投等美債15Y+,上櫃指數股票型基金(ETF),
00966B,統一ESG投等債15+,上櫃指數股票型基金(ETF),
00967B,元大優息美債,上櫃指數股票型基金(ETF),
00968B,元大優息投等債,上櫃指數股票型基金(ETF),
00969B,元大零息超長美債,上櫃指數股票型基金(ETF),
00970B,新光BBB投等債20+,上櫃指數股票型基金(ETF),
00764B,群益25年美債,上櫃指數股票型基金(ETF),
00870B,元大15年EM主權債,上櫃指數股票型基金(ETF),
00761B,國泰A級公司債,上櫃指數股票型基金(ETF),
00760B,復華新興企業債,上櫃指數股票型基金(ETF),
00841B,凱基AAA-AA公司債,上櫃指數股票型基金(ETF),
00856B,永豐1-3年美公債,上櫃指數股票型基金(ETF),
00933B,國泰10Y+金融債,上櫃指數股票型基金(ETF),
00759B,復華製藥債,上櫃指數股票型基金(ETF),
00931B,統一美債20年,上櫃指數股票型基金(ETF),
00778B,凱基金融債20+,上櫃指數股票型基金(ETF),
00883B,中信ESG投資級債,上櫃指數股票型基金(ETF),
00884B,中信低碳新興債,上櫃指數股票型基金(ETF),
00791B,復華信用債1-5,上櫃指數股票型基金(ETF),
00787B,元大10年IG醫療債,上櫃指數股票型基金(ETF),
00886,永豐美國科技,上櫃指數股票型基金(ETF),
00786B,元大10年IG銀行債,上櫃指數股票型基金(ETF),
00792B,群益A級公司債,上櫃指數股票型基金(ETF),
00887,永豐中國科技50大,上櫃指數股票型基金(ETF),
00888,永豐台灣ESG,上櫃指數股票型基金(ETF),
00890B,凱基ESG BBB債15+,上櫃指數股票型基金(ETF),
00785B,富邦金融投等債,上櫃指數股票型基金(ETF),
00849B,中信EM主權債0-5,上櫃指數股票型基金(ETF),
00848B,中信新興亞洲債,上櫃指數股票型基金(ETF),
00788B,元大10年IG電能債,上櫃指數股票型基金(ETF),
00784B,富邦中國投等債,上櫃指數股票型基金(ETF),
00793B,群益AAA-A醫療債,上櫃指數股票型基金(ETF),
00789B,復華公司債A3,上櫃指數股票型基金(ETF),
00847B,中信美國市政債,上櫃指數股票型基金(ETF),
00782B,國泰A級公用債,上櫃指數股票型基金(ETF),
00781B,國泰A級科技債,上櫃指數股票型基金(ETF),
00836B,永豐10年A公司債,上櫃指數股票型基金(ETF),
00853B,統一美債10年Aa-A,上櫃指數股票型基金(ETF),
00780B,國泰A級金融債,上櫃指數股票型基金(ETF),
00779B,凱基美債25+,上櫃指數股票型基金(ETF),
00928,中信上櫃ESG 30,上櫃指數股票型基金(ETF),
00777B,凱基AAA至A公司債,上櫃指數股票型基金(ETF),
00758B,復華能源債,上櫃指數股票型基金(ETF),
00768B,復華20年美債,上櫃指數股票型基金(ETF),
00724B,群益投資級金融債,上櫃指數股票型基金(ETF),
00746B,富邦A級公司債,上櫃指數股票型基金(ETF),
00858,永豐美國500大,上櫃指數股票型基金(ETF),
00741B,富邦全球非投等債,上櫃指數股票型基金(ETF),
00740B,富邦全球投等債,上櫃指數股票型基金(ETF),
00734B,台新JPM新興債,上櫃指數股票型基金(ETF),
00727B,國泰優選非投等債,上櫃指數股票型基金(ETF),
00864B,中信美國公債0-1,上櫃指數股票型基金(ETF),
00726B,國泰新興投等債,上櫃指數股票型基金(ETF),
00725B,國泰投資級公司債,上櫃指數股票型基金(ETF),
00749B,凱基新興債10+,上櫃指數股票型基金(ETF),
00723B,群益投資級科技債,上櫃指數股票型基金(ETF),
00859B,群益0-1年美債,上櫃指數股票型基金(ETF),
00863B,中信全球電信債,上櫃指數股票型基金(ETF),
00720B,元大投資級公司債,上櫃指數股票型基金(ETF),
00719B,元大美債1-3,上櫃指數股票型基金(ETF),
00718B,富邦中國政策債,上櫃指數股票型基金(ETF),
00862B,中信投資級公司債,上櫃指數股票型基金(ETF),
00860B,群益1-5Y投資級債,上櫃指數股票型基金(ETF),
00799B,國泰A級醫療債,上櫃指數股票型基金(ETF),
00842B,台新美元銀行債,上櫃指數股票型基金(ETF),
00722B,群益投資級電信債,上櫃指數股票型基金(ETF),
00750B,凱基科技債10+,上櫃指數股票型基金(ETF),
00834B,第一金金融債10+,上櫃指數股票型基金(ETF),
00754B,群益AAA-AA公司債,上櫃指數股票型基金(ETF),
00857B,永豐20年美公債,上櫃指數股票型基金(ETF),
00756B,群益投等新興公債,上櫃指數股票型基金(ETF),
00751B,元大AAA至A公司債,上櫃指數股票型基金(ETF),
00795B,中信美國公債20年,上櫃指數股票型基金(ETF),
00844B,新光15年IG金融債,上櫃指數股票型基金(ETF),
00755B,群益投資級公用債,上櫃指數股票型基金(ETF),
00867B,新光A-BBB電信債,上櫃指數股票型基金(ETF),
7732,金興精密,電機機械,
7714,創泓科技,數位雲端,
7715,裕山,綠能環保,
6994,富威電力,綠能環保,
6931,青松健康,生技醫療業,
4749,新應材,光電業,
6495,納諾*-KY,化學工業,
7713,威力德生醫,生技醫療業,
7734,印能科技,半導體業,
7709,榮田,電機機械,
7728,光焱科技,其他電子業,
6872,浩宇生醫,生技醫療業,
7631,聚賢研發,其他電子業,
2248,華勝-KY,電機機械,
7718,友鋮,鋼鐵工業,
7736,虎山,電機機械,
020016,統一MSCI美科技N,ETN,
020015,統一MSCI美低波N,ETN,
3467,台灣精材,半導體業,
3202,樺晟,電子零組件業,
00790B,復華次順位金融債,上櫃ETF,
00784B,富邦中國投等債,上櫃ETF,
6936,永鴻生技,農業科技,
7723,築間,觀光餐旅,
1716,永信,生技醫療業,
6597,立誠,電子零組件業,
6626,唯數,文化創意業,
2437,旺詮,電子工業,
6902,GOGOLOOK-創,創新板股票,
6498,久禾光,光電業,
7743,金利食安,食品工業,
7642,昶瑞機電,電機機械,
6909,創控,半導體業,
7805,威聯通,電腦及週邊設備業,
7555,美萌,生技醫療業,
1295,生合,食品工業,
1585,鎧鉅,電子零組件業,
6925,意藍,數位雲端,
6944,兆聯實業,綠能環保,
6187,萬潤,其他電子類,
5314,世紀*,半導體業,
3521,鴻翊,電腦及週邊設備業,
2724,藝舍-KY,觀光餐旅,
6829,千附精密,電機機械,
4950,金耘國際,其他,
6240,松崗,其他,
8383,千附,其他電子類,
6208,日揚,電子零組件業,
5443,均豪,光電業,
5348,正能量智能,通信網路業,
00925,新光標普電動車,ETF,
6918,愛派司,生技醫療業,
7740,熙特爾,綠能環保,
00718B,富邦中國政策債,上櫃ETF,
6287,元隆,半導體業,
7747,昕奇雲端,數位雲端,
6589,台康生技,生技醫療業,
5277,葳天,光電業,
020018,統一價值成長30N,ETN,
7547,碩網,數位雲端,
020019,統一特選台灣5GN,ETN,
7721,微程式,數位雲端,
3135,凌航,半導體業,
7753,星亞,光電業,
4166,友霖,生技醫療業,
00794B,群益7+中國政金債,上櫃ETF,
7751,竑騰,半導體業,
4945,陞達科技,半導體業,
7765,中華資安,數位雲端,
7610,聯友金屬,綠能環保,
7780,大研生醫,食品工業,
4441,振大環球,紡織纖維,
7860,得生製藥,化學生技醫療,
7799,禾榮科,生技醫療業,
7750,新代,電機機械,
2750,桃禧,觀光餐旅,
4585,達明,其他電子業,
8497,格威傳媒,其他,
6971,惠民實業,綠能環保,
7738,東聯互動,數位雲端,
7788,松川精密,電子零組件業,
6794,向榮生技-創,創新板股票,
7757,金色三麥,觀光餐旅,
7716,昱臺國際,航運業,
7782,光速火箭,居家生活,
7791,皇家可口,食品工業,
7730,暉盛,半導體業,
6699,奇邑,半導體業,
2888A,新光金甲特,金融保險,
2888B,新光金乙特,金融保險,
2897A,王道銀甲特,金融保險,
3158,嘉實,資訊服務業,
7786,東方風能,綠能環保,
7711,永擎,電腦及週邊設備業,
6831,邁科,電腦及週邊設備業,
6474,華豫寧,電子通路業,
6614,資拓宏宇,數位雲端,
7744,崴寶,電子零組件業,
7769,鴻勁,半導體業,
6747,亨泰光,生技醫療業,
02001S,策元大加權策略N,ETN,
020023,元大櫃買半導體N,指數投資證券(ETN),
7767,仁大資訊,資訊服務業,
6730,常廣,生技醫療業,
6910,德鴻,數位雲端,
7770,君曜,半導體業,
6288,聯嘉,汽車工業,
6884,海柏特,資訊服務業,
7777,能率亞洲,其他,
7805,威聯通,數位雲端,
8102,傑霖科技,半導體業,
1613,台一,電器電纜,
7810,捷創科技,半導體業,
6272,驊陞,電子零組件業,
6764,亞洲教育,其他,
6620,漢達,生技醫療業,
02001B,統一美國政府債N,指數投資證券(ETN),
6725,矽科宏晟,其他電子業,
3315,宣昶,電子工業,
3559,全智科,電子工業,
6403,群登,通信網路業,
6722,輝創,其他電子業,
7795,長廣,電子零組件業,
6961,旅天下,觀光餐旅,
7893,睿信,電子工業,
6423,億而得-創,創新板股票,
6423,億而得-創,電子工業,
6423,億而得-創,半導體業,
1623,大東電,電器電纜,
7792,安葆,其他電子業,
4590,富田,電機機械,
6934,心誠鎂,生技醫療業,
5547,久舜,建材營造,
7811,民盛,運動休閒,
6908,宏碁遊戲,電子通路業,
2072,世紀風電,鋼鐵工業,
7822,倍利科,半導體業,
6028,公勝保經,金融業,
3616,泓辰,電機機械,
4169,泰宗,生技醫療業,
4132,國鼎,生技醫療業,
6652,雅祥生醫,生技醫療業,
4773,高福,化學工業,
4804,大略-KY,觀光餐旅,
7794,宏碁智新,居家生活,
7821,神數,其他電子業,
1729,必翔,生技醫療業,
7828,創新服務,半導體業,
7820,立盈,綠能環保,
7760,享溫馨,觀光餐旅,
1715,萬洲,塑膠工業,
4178,永笙-KY,生技醫療業,
3485,敘豐,光電業,
3315,宣昶,電子通路業,
3559,全智科,半導體業,
7768,頌勝科技,半導體業,
7772,耀穎,半導體業,
00883B,中信ESG投資級債,上櫃ETF,
7842,天能綠電,綠能環保,
4195,基米,生技醫療業,
7818,溢泰實業,其他,
5259,奕智博,電子工業,
5264,鎧勝-KY,電子工業,
3514,昱晶,電子工業,
6172,互億,電子工業,
5305,敦南,電子工業,
3519,綠能,電子工業,
2499,東貝,電子工業,
3579,尚志,電子工業,
3698,隆達,電子工業,
2475,華映,電子工業,
6422,君耀-KY,電子工業,
3561,昇陽光電,電子工業,
2456,奇力新,電子工業,
2325,矽品,電子工業,
2448,晶電,電子工業,
6131,鈞泰,電子工業,
6145,勁永,電子工業,
4984,科納-KY,電子工業,
2311,日月光,電子工業,
7803,雲象科技,生技醫療業,
4582,聚恆,綠能環保,
6983,華洋精機,其他電子業,
4987,科誠,電腦及週邊設備業,
7907,錸恩帕斯,其他,
2437,旺詮,電子零組件業,
7819,精誠金融,資訊服務業,
02001R,富邦蘋果反一N,ETN,
7827,漢康-KY,生技醫療業,
2601,益航,貿易百貨,
7920,瀚陽*,化學生技醫療,
1469,理隆,紡織纖維,
1729,必翔,化學生技醫療,
3067,全域,其他電子類,
3313,斐成,其他,
4905,台聯電,通信網路業,
1595,川寶,電子零組件業,
6163,華電網,通信網路業,
5381,光譜,電子零組件業,
8932,智通*,其他,
6125,廣運,光電業,
2230,泰茂,電機機械,
6236,中湛,其他,
3131,弘塑,其他電子類,
4924,欣厚-KY,電腦及週邊設備業,
7718,友鋮,鋼鐵工業,
00767,FH美國金融股,ETF,
00766L,台新MSCI中國正2,ETF,
00742,新光內需收益,ETF,
6945,圓祥生技,生技醫療業,
00743,國泰中國A150,ETF,
3426,台興,電機機械,
00732,國泰RMB短期報酬,ETF,
00776,新光ICE美國權值,ETF,
00774B,新光中國政金綠債,ETF,
00774C,新光中政金綠債+R,ETF,
3682,亞太電,通信網路業,
4984,科納-KY,通信網路業,
7839,達人網,數位雲端,
1591,駿吉-KY,電機機械,
6131,鈞泰,光電業,
3561,昇陽光電,光電業,
2475,華映,光電業,
3383,新世紀,光電業,
2448,晶電,光電業,
3454,晶睿,光電業,
5259,奕智博,光電業,
2499,東貝,光電業,
3698,隆達,光電業,
6289,華上,光電業,
3514,昱晶,光電業,
1780,立弘,生技醫療業,
6806,森崴能源,綠能環保,
1592,英瑞-KY,汽車工業,
2936,客思達-KY,貿易百貨,
6986,和迅,生技醫療業,
00649,FH香港,ETF,
00699R,元大美債7-10反1,ETF,
00667,元大韓國,ETF,
0059,富邦金融,ETF,
00704L,台新MSCI台灣正2,ETF,
00677U,期富邦VIX,ETF,
00716R,華頓S&P布蘭特反1,ETF,
00691R,兆豐藍籌30反1,ETF,
00658L,國泰日本正2,ETF,
0058,富邦發達,ETF,
0054,元大台商50,ETF,
00659R,國泰日本反1,ETF,
00705R,台新MSCI台灣反1,ETF,
008201,BP上證50,ETF,
00698L,元大美債7-10正2,ETF,
00672L,元大S&P原油正2,ETF,
3536,誠創,半導體業,
1704,榮化,化學工業,
4725,信昌化,化學工業,
3519,綠能,半導體業,
3579,尚志,半導體業,
5305,敦南,半導體業,
2325,矽品,半導體業,
1724,台硝,化學工業,
7931,續升綠能,其他,
2311,日月光,半導體業,
8427,基勝-KY,其他,
6172,互億,電腦及週邊設備業,
5264,鎧勝-KY,電腦及週邊設備業,
1262,綠悅-KY,其他,
8480,泰昇-KY,其他,
2443,昶虹,其他,
00685L,群益臺灣加權正2,ETF,
2358,廷鑫,其他,
2841,台開,建材營造,
6145,勁永,電子通路業,
3036A,文曄甲特,電子通路業,
2856,元富證,金融保險,
2823,中壽,金融保險,
2809,京城銀,金融保險,
2888,新光金,金融保險,
1507,永大,電機機械,
1589,永冠-KY,電機機械,
1701,中化,生技醫療業,
6289,華上,電子工業,
4144,康聯-KY,生技醫療業,
3036A,文曄甲特,電子工業,
3536,誠創,電子工業,
3702A,大聯大甲特,電子工業,
3682,亞太電,電子工業,
4141,龍燈-KY,生技醫療業,
3383,新世紀,電子工業,
6452,康友-KY,生技醫療業,
6251,定穎,電子工業,
3454,晶睿,電子工業,
4144,康聯-KY,化學生技醫療,
1704,榮化,化學生技醫療,
4725,信昌化,化學生技醫療,
1701,中化,化學生技醫療,
4141,龍燈-KY,化學生技醫療,
6452,康友-KY,化學生技醫療,
1724,台硝,化學生技醫療,
6222,立軒,光電業,
6215,和椿,其他電子業,
6214,精誠,電子工業,
8431,匯鑽科,其他電子類,
6230,尼得科超眾,電腦及週邊設備業,
6231,系微,資訊服務業,
6233,旺玖,半導體業,
6234,高僑,光電業,
6235,華孚,電子工業,
6236,中湛,數位雲端類,
6215,和椿,電子工業,
6214,精誠,資訊服務業,
6237,驊訊,半導體業,
8422,可寧衛*,綠能環保,
6239,力成,半導體業,
6213,聯茂,電子零組件業,
6213,聯茂,電子工業,
6239,力成,電子工業,
6212,理銘,建材營造,
6235,華孚,電腦及週邊設備業,
6230,尼得科超眾,電子工業,
6228,全譜,電腦及週邊設備業,
6216,居易,通信網路業,
6223,旺矽,半導體業,
6221,晉泰,資訊服務業,
8423,保綠-KY,綠能環保類,
6220,岳豐,電子零組件業,
6224,聚鼎,電子工業,
6210,慶生,電子零組件業,
6224,聚鼎,電子零組件業,
6225,天瀚,光電業,
8424,惠普,建材營造,
6219,富旺,建材營造,
8426,紅木-KY,其他,
6225,天瀚,電子工業,
6218,豪勉,通信網路業,
6217,中探針,電子零組件業,
6226,光鼎,光電業,
6226,光鼎,電子工業,
6227,茂綸,電子通路業,
8429,金麗-KY,貿易百貨,
6216,居易,電子工業,
6229,研通,半導體業,
6209,今國光,電子工業,
7730,暉盛-創,創新板股票,
8432,東生華,生技醫療業,
6168,宏齊,光電業,
6168,宏齊,電子工業,
6169,昱泉,文化創意業,
6170,統振,通信網路業,
6171,大城地產,建材營造,
8463,潤泰材,其他,
8462,柏文,運動休閒,
8458,影一,文化創意業,
8464,億豐,居家生活,
8455,大拓-KY,其他電子類,
6173,信昌電,電子零組件業,
6174,安碁,電子零組件業,
6175,立敦,電子零組件業,
6176,瑞儀,光電業,
8450,霹靂,文化創意業,
6176,瑞儀,電子工業,
6177,達麗,建材營造,
6179,亞通,其他,
8454,富邦媒,數位雲端,
6180,橘子,文化創意業,
6167,久正,光電業,
6166,凌華,電子工業,
6153,嘉聯益,電子零組件業,
6154,順發,電子通路業,
6155,鈞寶,電子工業,
6155,鈞寶,電子零組件業,
6156,松上,電子零組件業,
6158,禾昌,電子零組件業,
6160,欣技,電腦及週邊設備業,
6161,捷波,電腦及週邊設備業,
6166,凌華,電腦及週邊設備業,
6163,華電網,資訊服務業,
6164,華興,電子工業,
8477,創業家,數位雲端類,
8476,台境*,綠能環保,
8473,山林水,綠能環保,
6165,浪凡,數位雲端,
8472,夠麻吉,數位雲端類,
8467,波力-KY,運動休閒,
8466,美吉吉-KY,其他,
6164,華興,光電業,
6182,合晶,半導體業,
6183,關貿,資訊服務業,
6183,關貿,電子工業,
8437,大地-KY,其他,
6198,瑞築,建材營造,
8436,大江,生技醫療業,
6199,天品,其他,
6201,亞弘電,其他電子業,
6201,亞弘電,電子工業,
6202,盛群,半導體業,
6202,盛群,電子工業,
8438,昶昕,綠能環保,
8435,鉅邁,其他,
6203,海韻電,電子零組件業,
6204,艾華,電子零組件業,
6205,詮欣,電子工業,
6205,詮欣,電子零組件業,
6206,飛捷,電子工業,
6206,飛捷,電腦及週邊設備業,
6207,雷科,電子零組件業,
6208,日揚,半導體業,
8433,弘帆,居家生活類,
8440,綠電,綠能環保類,
6197,佳必琪,電子零組件業,
6197,佳必琪,電子工業,
6184,大豐電,其他,
6185,幃翔,電子零組件業,
6186,新潤,建材營造,
8446,華研,文化創意業,
6187,萬潤,半導體業,
6188,廣明,電腦及週邊設備業,
8444,綠河-KY,其他,
8443,阿瘦,貿易百貨,
6189,豐藝,電子工業,
6189,豐藝,電子通路業,
6190,萬泰科,通信網路業,
6191,精成科,電子工業,
6191,精成科,電子零組件業,
6192,巨路,其他電子業,
6192,巨路,電子工業,
6194,育富,電子零組件業,
6195,詩肯,居家生活類,
8442,威宏-KY,其他,
6196,帆宣,其他電子業,
6209,今國光,光電業,
6196,帆宣,電子工業,
6263,普萊德,通信網路業,
6240,松崗,資訊服務業,
6446,藥華藥,化學生技醫療,
8227,巨有科技,半導體業,
6446,藥華藥,生技醫療業,
6449,鈺邦,電子工業,
8222,寶一,電機機械,
8215,明基材,電子工業,
6449,鈺邦,電子零組件業,
6451,訊芯-KY,半導體業,
6451,訊芯-KY,電子工業,
8215,明基材,光電業,
6456,GIS-KY,光電業,
8213,志超,電子零組件業,
8213,志超,電子工業,
6456,GIS-KY,電子工業,
8210,勤誠,電腦及週邊設備業,
6461,益得,生技醫療業,
6462,神盾,半導體業,
6464,台數科,其他,
6465,威潤,通信網路業,
8234,新漢,電腦及週邊設備業,
8240,華宏,光電業,
6443,元晶,電子工業,
6443,元晶,光電業,
8271,宇瞻,電子工業,
6426,統新,通信網路業,
6426,統新,電子工業,
6428,台灣淘米,文化創意業,
8271,宇瞻,半導體業,
8261,富鼎,電子工業,
6431,光麗-KY,化學生技醫療,
8261,富鼎,半導體業,
6431,光麗-KY,生技醫療業,
6467,泰合,生技醫療業,
8255,朋程,電機機械,
6434,達輝光電,光電業,
6435,大中,半導體業,
6438,迅得,其他電子業,
8249,菱光,電子零組件業,
6438,迅得,電子工業,
6441,廣錠,電腦及週邊設備業,
6442,光聖,通信網路業,
8249,菱光,電子工業,
6442,光聖,電子工業,
6432,今展科,電子零組件業,
6425,易發,電機機械,
6469,大樹,生技醫療業,
6472,保瑞,化學生技醫療,
8162,微矽電子-創,電子工業,
8162,微矽電子-創,半導體業,
6496,科懋,生技醫療業,
8162,微矽電子-創,創新板股票,
8155,博智,電子零組件業,
8150,南茂,電子工業,
8150,南茂,半導體業,
6498,久禾光,光電業,
6499,益安,生技醫療業,
6504,南六,其他,
6505,台塑化,油電燃氣業,
8147,正淩,電子零組件業,
6506,雙邦,紡織纖維,
6508,惠光,農業科技業,
6509,聚和,化學工業,
6510,精測,半導體業,
6512,啟發電,其他電子類,
8131,福懋科,電子工業,
8131,福懋科,半導體業,
8163,達方,電子工業,
6494,九齊,半導體業,
6493,雷虎生,生技醫療業,
6492,生華科,生技醫療業,
8210,勤誠,電子工業,
6472,保瑞,生技醫療業,
6473,美賣*,數位雲端,
8201,無敵,電子工業,
8201,無敵,其他電子業,
6474,華豫寧,電子通路業,
6477,安集,光電業,
6477,安集,電子工業,
8183,精星,其他電子類,
6470,宇智,通信網路業,
6482,弘煜科,文化創意業,
8182,加高,電子零組件業,
6485,點序,半導體業,
6486,互動,通信網路業,
6488,環球晶,半導體業,
8176,智捷,通信網路業,
8171,天宇,綠能環保類,
6491,晶碩,化學生技醫療,
6491,晶碩,生技醫療業,
8163,達方,電腦及週邊設備業,
6483,原創生醫,生技醫療業,
8421,旭源,其他,
8272,全景軟體,資訊服務業,
8279,生展,生技醫療業,
6270,倍微,電子通路業,
6271,同欣電,半導體業,
6271,同欣電,電子工業,
6272,驊陞,電子工業,
8404,百和興業-KY,其他,
8403,盛弘,生技醫療業,
8401,白紗科,其他,
8390,金益鼎,綠能環保類,
6272,驊陞,電子零組件業,
6274,台燿,電子零組件業,
8383,千附,半導體業,
6275,元山,電子零組件業,
6276,安鈦克,電腦及週邊設備業,
6277,宏正,電子工業,
6277,宏正,電腦及週邊設備業,
6278,台表科,光電業,
6278,台表科,電子工業,
6279,胡連,電子零組件業,
8374,羅昇,電機機械,
6269,台郡,電子零組件業,
6269,台郡,電子工業,
6266,泰詠,電子零組件業,
6265,方土昶,電子通路業,
6241,鑫永洋,通信網路業,
6242,立康,生技醫療業,
6243,迅杰,半導體業,
6243,迅杰,電子工業,
6244,茂迪,光電業,
6245,立端,通信網路業,
6246,臺龍,光電業,
8416,實威,資訊服務業,
8415,大國鋼,鋼鐵工業,
6281,全國電,電子工業,
8411,福貞-KY,其他,
6251,定穎,電子零組件業,
8410,森田,電腦及週邊設備業,
8409,商之器,生技醫療業,
6257,矽格,半導體業,
6257,矽格,電子工業,
6259,百徽,電子零組件業,
6261,久元,半導體業,
6153,嘉聯益,電子工業,
6264,富裔,建材營造,
6248,沛波,鋼鐵工業,
8277,商丞,半導體業,
6281,全國電,電子通路業,
6282,康舒,電子零組件業,
6412,群電,電子工業,
6412,群電,電子零組件業,
6414,樺漢,電子工業,
6414,樺漢,電腦及週邊設備業,
6415,矽力*-KY,半導體業,
6415,矽力*-KY,電子工業,
6416,瑞祺電通,通信網路業,
6416,瑞祺電通,電子工業,
6417,韋僑,通信網路業,
8329,台視,文化創意業,
6418,詠昇,電子零組件業,
6419,京晨科,光電業,
8299,群聯,半導體業,
8298,威睿,資訊服務業,
6422,君耀-KY,電子零組件業,
8291,尚茂,電子零組件業,
8289,泰藝,電子零組件業,
8284,三竹,資訊服務業,
6423,億而得,半導體業,
6411,晶焱,半導體業,
6409,旭隼,電子工業,
6409,旭隼,其他電子業,
6407,相互,電子零組件業,
6283,淳安,其他電子業,
6283,淳安,電子工業,
6284,佳邦,電子零組件業,
6285,啟碁,通信網路業,
6285,啟碁,電子工業,
8367,建新國際,航運業,
8359,錢櫃,觀光餐旅,
8358,金居,電子零組件業,
8354,冠好,其他,
6282,康舒,電子工業,
8349A,恒耀甲特,鋼鐵工業,
6290,良維,電子零組件業,
6291,沛亨,半導體業,
6292,迅德,電子零組件業,
6294,智基,文化創意業,
8345,超秦,農業科技,
8342,益張,其他,
6405,悅城,光電業,
6405,悅城,電子工業,
8341,日友,綠能環保,
8349,恒耀,鋼鐵工業,
6152,百一,電子工業,
6133,金橋,電子工業,
8478,東哥遊艇,運動休閒,
5269,祥碩,電子工業,
5271,紘通,電子零組件業,
5272,笙科,半導體業,
5274,信驊,半導體業,
5276,達輝-KY,其他,
9928,中視,其他,
5278,尚凡*,數位雲端類,
9927,泰銘,其他,
5269,祥碩,半導體業,
9926,新海,油電燃氣業,
9924,福興,居家生活,
5283,禾聯碩,電器電纜,
5284,jpp-KY,其他,
5285,界霖,半導體業,
5285,界霖,電子工業,
5287,數字,數位雲端類,
9921,巨大,運動休閒,
5288,豐祥-KY,電機機械,
9925,新保,其他,
5289,宜鼎,電腦及週邊設備業,
5267,龍翩,光電業,
9930,中聯資源,綠能環保,
5243,乙盛-KY,電子工業,
9938,百和,其他,
9937,全國,油電燃氣業,
5244,弘凱,光電業,
5244,弘凱,電子工業,
9935,慶豐富,居家生活,
5245,智晶,光電業,
5246,勵威,半導體業,
9929,秋雨,其他,
5248,景傳,光電業,
5254,欣訊科技,電子零組件業,
5258,虹堡,電子工業,
5258,虹堡,電腦及週邊設備業,
9934,成霖,居家生活,
9933,中鼎,其他,
5262,立達,半導體業,
9931,欣高,油電燃氣業,
5263,智崴,文化創意業,
5251,天鉞電,光電業,
5291,邑昇,電子零組件業,
5292,華懋,綠能環保,
5297,廣化,半導體業,
5347,世界,半導體業,
5348,正能量智能,運動休閒類,
9908,大台北,油電燃氣業,
5351,鈺創,半導體業,
5353,台林,通信網路業,
5355,佳總,電子零組件業,
9907,統一實,其他,
5356,協益,電腦及週邊設備業,
5345,馥鴻,其他,
9906,欣巴巴,建材營造,
5371,中光電,光電業,
5381,光譜,電機機械,
9905,大華,其他,
9904,寶成,運動休閒,
5386,青雲,電腦及週邊設備業,
5388,中磊,通信網路業,
5388,中磊,電子工業,
5392,能率,光電業,
5364,力麗店,觀光餐旅,
5344,立衛,半導體業,
5340,建榮,電子零組件業,
5328,華容,電子零組件業,
5299,杰力,半導體業,
9919,康那香,其他,
5301,寶得利,觀光餐旅,
5302,太欣,半導體業,
9918,欣天然,油電燃氣業,
9917,中保科,其他,
5306,桂盟,運動休閒,
5309,系統電,電子零組件業,
5310,天剛,資訊服務業,
5312,寶島科,生技醫療業,
5314,世紀*,其他,
9914,美利達,運動休閒,
9912,偉聯,電腦及週邊設備業,
5315,光聯,光電業,
5321,美而快,數位雲端類,
9912,偉聯,電子工業,
9911,櫻花,居家生活,
9910,豐泰,運動休閒,
5324,士開,建材營造,
5243,乙盛-KY,光電業,
5240,建騰,光電業,
5236,凌陽創新,半導體業,
9939,宏全,其他,
4968,立積,半導體業,
4968,立積,電子工業,
4971,IET-KY,半導體業,
4972,湯石照明,光電業,
4973,廣穎,半導體業,
4974,亞泰,電子零組件業,
4976,佳凌,光電業,
4976,佳凌,電子工業,
4967,十銓,電子工業,
4977,眾達-KY,通信網路業,
4979,華星光,通信網路業,
4980,佐臻,電子零組件業,
9955,佳龍,綠能環保,
9951,皇田,電機機械,
9950,萬國通,塑膠工業,
9949,琉園,文化創意業,
9946,三發地產,建材營造,
9945,潤泰新,其他,
4977,眾達-KY,電子工業,
4967,十銓,半導體業,
4966,譜瑞-KY,半導體業,
4961,天鈺,電子工業,
9962,有益,鋼鐵工業,
9960,邁達康,運動休閒類,
4946,辣椒,文化創意業,
9958,世紀鋼,鋼鐵工業,
4949,有成精密,光電業,
4949,有成精密,電子工業,
9957,燁聯,鋼鐵工業,
4950,金耘國際,鋼鐵工業,
4951,精拓科,半導體業,
4952,凌通,半導體業,
4952,凌通,電子工業,
4953,緯軟,資訊服務業,
4956,光鋐,光電業,
4956,光鋐,電子工業,
4958,臻鼎-KY,電子工業,
4958,臻鼎-KY,電子零組件業,
4960,誠美材,光電業,
4960,誠美材,電子工業,
4961,天鈺,半導體業,
4989,榮科,電子工業,
5398,慕康生醫,其他,
4989,榮科,電子零組件業,
4994,傳奇,資訊服務業,
5213,亞昕,建材營造,
9942,茂順,其他,
5215,科嘉-KY,電子工業,
5215,科嘉-KY,電腦及週邊設備業,
9941A,裕融甲特,其他,
9941,裕融,其他,
5220,萬達光電,光電業,
5222,全訊,半導體業,
5212,凌網,資訊服務業,
5222,全訊,電子工業,
5225,東科-KY,其他電子業,
5225,東科-KY,電子工業,
5227,立凱-KY,電子零組件業,
5228,鈺鎧,電子零組件業,
5230,雷笛克光學,光電業,
9940,信義,其他,
5234,達興材料,光電業,
5234,達興材料,電子工業,
5223,安力-KY,電腦及週邊設備業,
5211,蒙恬,資訊服務業,
5210,寶碩,資訊服務業,
5209,新鼎,其他,
4994,傳奇,電子工業,
4995,晶達,光電業,
4999,鑫禾,電子工業,
4999,鑫禾,電子零組件業,
5007,三星,鋼鐵工業,
5009,榮剛,鋼鐵工業,
5011,久陽,鋼鐵工業,
5013,強新,鋼鐵工業,
5014,建錩,鋼鐵工業,
5015,華祺,鋼鐵工業,
5016,松和,鋼鐵工業,
9944,新麗,其他,
9943,好樂迪,觀光餐旅,
5201,凱衛,資訊服務業,
5202,力新,資訊服務業,
5203,訊連,資訊服務業,
5203,訊連,電子工業,
5205,中茂,綠能環保類,
5206,坤悅,建材營造,
4991,環宇-KY,半導體業,
5403,中菲,資訊服務業,
5410,國眾,資訊服務業,
5425,台半,半導體業,
6108,競國,電子工業,
6108,競國,電子零組件業,
6109,亞元,通信網路業,
6111,光聚晶電,文化創意業,
8923,時報,文化創意業,
8921,沈氏,其他,
6112,邁達特,資訊服務業,
6112,邁達特,電子工業,
6104,創惟,半導體業,
6113,亞矽,電子通路業,
8917,欣泰,油電燃氣業,
6115,鎰勝,電子工業,
6115,鎰勝,電子零組件業,
6116,彩晶,光電業,
6116,彩晶,電子工業,
6117,迎廣,電子工業,
6117,迎廣,電腦及週邊設備業,
6118,建達,電子通路業,
6114,久威,電子零組件業,
8924,大田,運動休閒類,
8926,台汽電,油電燃氣業,
6103,合邦,半導體業,
5906,台南-KY,貿易百貨,
5907,大洋-KY,貿易百貨,
8931,大汽電,油電燃氣業,
6005,群益證,金融保險,
8930,青鋼,鋼鐵工業,
6015,宏遠證,金融業,
8929,富堡,其他,
8928,鉅明,運動休閒類,
6016,康和證,金融業,
6020,大展證,金融業,
6021,美好證,金融業,
6023,元大期,金融業,
6024,群益期,金融保險,
6026,福邦證,金融業,
6027,德信,金融業,
8927,北基,油電燃氣業,
6028,公勝保經,金融業,
6035,悠遊卡,金融業,
6101,寬魚國際,文化創意業,
8916,光隆,其他,
8932,智通*,數位雲端類,
8908,欣雄,油電燃氣業,
6120,達運,電子工業,
6139,亞翔,其他電子業,
8487,愛爾達-創,數位雲端,
6139,亞翔,電子工業,
6140,訊達,資訊服務業,
6141,柏承,電子工業,
6141,柏承,電子零組件業,
6142,友勁,通信網路業,
6142,友勁,電子工業,
8488,吉源-KY,其他,
6143,振曜,通信網路業,
6144,得利影,文化創意業,
8482,商億-KY,居家生活,
6146,耕興,其他電子類,
6147,頎邦,半導體業,
6148,驊宏資,資訊服務業,
6150,撼訊,電腦及週邊設備業,
6151,晉倫,其他電子類,
8481,政伸,其他,
8487,愛爾達-創,創新板股票,
6138,茂達,半導體業,
6136,富爾特,電子工業,
6136,富爾特,通信網路業,
8906,花王,其他,
6121,新普,電腦及週邊設備業,
6122,擎邦,電機機械,
6123,上奇,資訊服務業,
8905,裕國,其他,
6124,業強,電子零組件業,
6125,廣運,電機機械,
6126,信音,電子零組件業,
6127,九豪,電子零組件業,
6128,上福,電子工業,
6128,上福,電腦及週邊設備業,
8499,鼎炫-KY,電子工業,
6129,普誠,半導體業,
6130,上亞科技,生技醫療業,
8499,鼎炫-KY,其他電子業,
8121,越峰,電子零組件業,
8489,三貝德,其他,
6133,金橋,電子零組件業,
6134,萬旭,電子零組件業,
6120,達運,光電業,
6152,百一,通信網路業,
5905,南仁湖,觀光餐旅,
8933,愛地雅,運動休閒類,
5478,智冠,文化創意業,
5481,新華,其他,
5483,中美晶,半導體業,
5484,慧友,光電業,
5484,慧友,電子工業,
5487,通泰,半導體業,
5488,松普,電子零組件業,
5489,彩富,其他電子類,
5475,德宏,電子零組件業,
5490,同亨,電腦及週邊設備業,
5498,凱崴,電子零組件業,
5508,永信建,建材營造,
5511,德昌,建材營造,
5512,力麒,建材營造,
5514,三豐,建材營造,
5515,建國,建材營造,
5516,雙喜,建材營造,
5519,隆大,建材營造,
5493,三聯,其他電子類,
5474,聰泰,電腦及週邊設備業,
5471,松翰,電子工業,
5471,松翰,半導體業,
5426,振發,電腦及週邊設備業,
9902,台火,其他,
5432,新門,綠能環保類,
5434,崇越,電子工業,
5434,崇越,電子通路業,
5438,東友,電腦及週邊設備業,
5439,高技,電子零組件業,
9802,鈺齊-KY,運動休閒,
5443,均豪,半導體業,
5450,南良,其他,
5452,佶優,其他電子類,
5455,昇益,建材營造,
5457,宣德,電子零組件業,
5460,同協,電子零組件業,
5464,霖宏,電子零組件業,
5465,富驊,電腦及週邊設備業,
5468,凱鈺,半導體業,
5469,瀚宇博,電子工業,
5469,瀚宇博,電子零組件業,
5520,力泰,建材營造,
5904,寶雅,居家生活類,
5521,工信,建材營造,
5523,豐謙,建材營造,
5703,亞都,觀光餐旅,
8940,新天地,觀光餐旅,
5704,老爺知,觀光餐旅,
8938,明安,運動休閒類,
5706,鳳凰,觀光餐旅,
8937,合騏*,其他,
8936,國統,其他,
5859,遠壽,金融業,
8941,關中,居家生活類,
5863,瑞興銀,金融業,
5871,中租-KY,其他,
5871A,中租-KY甲特,其他,
5876,上海商銀,金融保險,
5878,台名,金融業,
5880,合庫金,金融保險,
5902,德記,居家生活類,
8935,邦泰,其他,
5903,全家,居家生活類,
5864,致和證,金融業,
5701,劍湖山,觀光餐旅,
8942,森鉅,其他,
5609,中菲行,航運業,
5525,順天,建材營造,
5529,鉅陞,建材營造,
5530,龍巖,其他,
5531,鄉林,建材營造,
5533,皇鼎,建材營造,
5534,長虹,建材營造,
5536,聖暉*,其他電子類,
5538,東明-KY,鋼鐵工業,
5543,桓鼎-KY,建材營造,
5546,永固-KY,建材營造,
8999,台灣積層,其他,
5547,久舜,建材營造,
8996,高力,電機機械,
5548,安倉,建材營造,
5601,台聯櫃,航運業,
5603,陸海,航運業,
5604,中連,其他,
5607,遠雄港,航運業,
5608,四維航,航運業,
5522,遠雄,建材營造,
8119,公信,電腦及週邊設備業,
6534,正瀚-創,生技醫療業,
6515,穎崴,半導體業,
6908,宏碁遊戲-創,電子工業,
7836,智生活,其他,
6908,宏碁遊戲-創,電子通路業,
7834,來毅數位,資訊服務業,
7833,綠岩能源,綠能環保,
7832,智新生技*,生技醫療業,
6909,創控,半導體業,
6909,創控,電子工業,
7831,捷博,居家生活,
6910,德鴻,數位雲端類,
6911,群運,其他,
6912,益鈞環科*,綠能環保,
7829,思捷優達-KY,生技醫療業,
6913,鴻呈,電子零組件業,
7828,創新服務,半導體業,
7827,漢康-KY創,生技醫療業,
6914,阜爾運通,其他,
6915,美強光,電子零組件業,
6916,華凌,光電業,
6908,宏碁遊戲-創,創新板股票,
6907,雅特力-KY,半導體業,
7837,啟新生,生技醫療業,
6906,現觀科,數位雲端,
7846,德揚,綠能環保,
6885,全福生技,生技醫療業,
6886,遠東生技,食品工業,
6887,寶綠特-KY,綠能環保,
6890,來億-KY,運動休閒,
6891,樂迦再生,生技醫療業,
6892,台寶生醫,生技醫療業,
6894,衛司特,綠能環保類,
6895,宏碩系統,半導體業,
7827,漢康-KY創,化學生技醫療,
6898,程曦資訊,資訊服務業,
7843,英柏得,半導體業,
7842,天能綠電,綠能環保類,
6901,鑽石投資,其他,
7841,經貿聯網,資訊服務業,
7840,祥圃,農業科技,
6902,GOGOLOOK,數位雲端,
7839,達人網,數位雲端類,
6903,巨漢,其他電子類,
6904,伯鑫,其他,
6899,創為精密,光電業,
7847,豊漁,觀光餐旅,
7827,漢康-KY創,創新板股票,
6917,竟天,生技醫療業,
6929,佑全,生技醫療業,
6931,青松健康,化學生技醫療,
7822,倍利科,半導體業,
7821,神數,汽車工業,
7820,立盈,綠能環保類,
6931,青松健康,生技醫療業,
6932,水星生醫*,生技醫療業,
6933,AMAX-KY,電子工業,
6933,AMAX-KY,電腦及週邊設備業,
6934,心誠鎂,化學生技醫療,
7819,精誠金融,資訊服務業,
6934,心誠鎂,生技醫療業,
6935,王子製藥,食品工業,
6936,永鴻生技,化學生技醫療,
6936,永鴻生技,生技醫療業,
6937,天虹,半導體業,
6937,天虹,電子工業,
6938,藍新資訊,資訊服務業,
6939,啟弘生技,生技醫療業,
6928,攸泰科技,電腦及週邊設備業,
7822,倍利科,電子工業,
6928,攸泰科技,電子工業,
6927,聯合聚晶,半導體業,
6918,愛派司,化學生技醫療,
7826,極風雲創,數位雲端,
6918,愛派司,生技醫療業,
6919,康霈*,化學生技醫療,
7825,和亞智慧,其他電子業,
6919,康霈*,生技醫療業,
6920,恆勁科技,半導體業,
6921,嘉雨思-創,創新板股票,
6921,嘉雨思-創,半導體業,
6916,華凌,電子工業,
6921,嘉雨思-創,電子工業,
7824,智寶,其他,
6923,中台,綠能環保,
6924,榮惠-KY創,創新板股票,
7823,奧義賽博-KY創,數位雲端,
6924,榮惠-KY創,電子工業,
6924,榮惠-KY創,電子零組件業,
7823,奧義賽博-KY創,創新板股票,
6925,意藍,數位雲端類,
6926,聖安生醫,生技醫療業,
6922,宸曜,電腦及週邊設備業,
6940,格斯科技*,電子零組件業,
7848,騏億鑫,其他電子業,
6884,海柏特,資訊服務業,
6838,台新藥,生技醫療業,
7873,瑞峰,半導體業,
7872,登豐,半導體業,
7871,安立璽榮-KY,生技醫療業,
7870,聯剛科技,其他電子業,
7869,宏于電機,電機機械,
6839,開陽能源,綠能環保,
6840,東研信超,其他電子類,
7868,聖育,資訊服務業,
7867,特力屋,居家生活,
6841,長佳智能,生技醫療業,
6842,瑞宇,半導體業,
6843,進典,電機機械,
6844,諾貝兒,生技醫療業,
6846,綠茵,食品工業,
6847,普瑞博,生技醫療業,
6848,拉法醫,生技醫療業,
6849,奇鼎科技,其他電子業,
6850,光鼎生技,生技醫療業,
7875,安圖斯,電腦及週邊設備業,
6838,台新藥,化學生技醫療,
6835,圓裕,電子零組件業,
6835,圓裕,電子工業,
6821,聯寶,電子零組件業,
6823,濾能,半導體業,
7881,科明,生技醫療業,
6825,和暢科技,電腦及週邊設備業,
6826,和淞,其他電子業,
6827,巨生醫,生技醫療業,
6829,千附精密,半導體業,
7880,聖凰,半導體業,
6830,汎銓,其他電子業,
4943,康控-KY,電子零組件業,
6830,汎銓,電子工業,
6831,邁科,電子工業,
7878,藥祇,生技醫療業,
6831,邁科,電腦及週邊設備業,
6832,金鼎科,其他,
6833,太康精密,電子零組件業,
6834,天二科技,電子工業,
7877,海利普,綠能環保,
7876,鼎晉生技,生技醫療業,
6834,天二科技,電子零組件業,
7879,益材科技,電機機械,
6885,全福生技,化學生技醫療,
7866,丹立,半導體業,
7865,金聯成,綠能環保,
7856,漢測,半導體業,
6870,騰雲,數位雲端類,
7855,和運租車,其他,
6872,浩宇生醫,生技醫療業,
7854,佐茂,電腦及週邊設備業,
7853,政美應用,半導體業,
6873,泓德能源,綠能環保,
6874,倍力,資訊服務業,
6875,國邑*,生技醫療業,
6876,朗齊生醫*,生技醫療業,
6877,鏵友益,其他電子類,
7851,慧康生技*-KY,生技醫療業,
6878,歐付寶,金融業,
6879,大江基因,生技醫療業,
7850,寶泰生醫,生技醫療業,
6881,潤德,其他,
6882,甲尚,資訊服務業,
6883,微電能源,綠能環保,
7849,旭誼,其他電子業,
6869,雲豹能源,綠能環保,
7857,合水先進,綠能環保,
7858,芝普,化學工業,
6868,采威國際,資訊服務業,
6854,錼創科技-KY創,半導體業,
6854,錼創科技-KY創,電子工業,
6855,數泓科,其他電子類,
6856,鑫傳,文化創意業,
6857,宏碁智醫,生技醫療業,
6858,愛比科技,電腦及週邊設備業,
7863,中科物流,航運業,
7862,聚泰,紡織纖維,
6859,伯特光,光電業,
6854,錼創科技-KY創,創新板股票,
6861,睿生光電,化學生技醫療,
6862,三集瑞-KY,電子工業,
6862,三集瑞-KY,電子零組件業,
7861,貝爾威勒,電子零組件業,
6863,永道-KY,通信網路業,
6863,永道-KY,電子工業,
6864,元樟生技,生技醫療業,
6865,偉康科技,數位雲端類,
7860,得生製藥,生技醫療業,
6867,坦德科技,光電業,
6861,睿生光電,生技醫療業,
6820,連訊,通信網路業,
6944,兆聯實業,綠能環保,
7816,來穎,電子零組件業,
7547,碩網,數位雲端類,
7551,知識科技,數位雲端,
7749,意騰-KY,半導體業,
7556,意德士,半導體業,
7558,群利科技,其他,
7561,光晟生技,生技醫療業,
7562,博來科技,電腦及週邊設備業,
7566,亞果遊艇,觀光餐旅,
7575,安美得,生技醫療業,
7578,利百景,其他,
7583,國際海洋,綠能環保,
7748,鑫囍創業,其他,
7584,樂意,文化創意業,
7590,怡和國際,其他,
7595,世基生醫,生技醫療業,
7607,通用幹細胞*,生技醫療業,
7610,聯友金屬-創,創新板股票,
7747,昕奇雲端,數位雲端類,
7610,聯友金屬-創,綠能環保,
7749,意騰-KY,電子工業,
7530,鋒魁科技,半導體業,
7516,清淨海,其他,
7507,環拓科技,綠能環保,
7763,崇舜,化學工業,
7762,吉晟生,生技醫療業,
7761,三大未來,綠能環保,
7760,享溫馨,觀光餐旅,
7759,視航生醫,生技醫療業,
7758,睿騰能源,電子零組件業,
7757,金色三麥,觀光餐旅,
7756,多那之,觀光餐旅,
7754,安基生技,生技醫療業,
7745,紅陽,數位雲端,
7753,星亞,光電業,
7751,竑騰,半導體業,
7402,邑錡,光電業,
7415,元澄半導體,半導體業,
7418,香繼光,觀光餐旅,
7419,達勝,電子零組件業,
7427,華上生醫,生技醫療業,
7750,新代,電機機械,
7443,凡事康,其他,
7455,樺緯物聯,電腦及週邊設備業,
7752,世紀樺欣,綠能環保,
7764,聖州,其他,
7631,聚賢研發-創,其他電子業,
7631,聚賢研發-創,電子工業,
7736,虎山,汽車工業,
7715,裕山,綠能環保類,
7735,台智雲,資訊服務業,
7716,昱臺國際,航運業,
7717,萊德光電-KY,通信網路業,
7734,印能科技,半導體業,
7718,友鋮,電機機械,
7719,碳基,其他,
7732,金興精密,汽車工業,
7721,微程式,數位雲端,
7731,火星生技*,食品工業,
7722,LINEPAY,數位雲端,
7730,暉盛-創,電子工業,
7723,築間,觀光餐旅,
7724,諾亞克,生技醫療業,
7725,列特博,生技醫療業,
7726,暄達,生技醫療業,
7730,暉盛-創,半導體業,
7728,光焱科技,其他電子類,
7714,創泓科技,數位雲端類,
7713,威力德生醫,生技醫療業,
7737,凱鈿,數位雲端,
7712,博盛半導體,半導體業,
7744,崴寶,電子零組件業,
7642,昶瑞機電,電機機械,
7669,碩正科技,半導體業,
7689,大鵬科CLMX,通信網路業,
7702,前端風電,綠能環保,
7743,金利食安,食品工業,
7703,銳澤,其他電子類,
7742,天弘化,化學工業,
7704,明遠精密,半導體業,
7631,聚賢研發-創,創新板股票,
7740,熙特爾-創,綠能環保,
7706,宏碁創達,其他,
7707,益芯科,半導體業,
7708,全家餐飲,觀光餐旅,
7709,榮田,電機機械,
7710,東擎科技,電腦及週邊設備業,
7711,永擎,電子工業,
7740,熙特爾-創,創新板股票,
7711,永擎,電腦及週邊設備業,
7738,東聯互動,數位雲端類,
7705,三商餐飲,觀光餐旅,
7818,溢泰實業,綠能環保,
7765,中華資安,數位雲端,
7768,頌勝科技,半導體業,
7803,雲象科技-創,化學生技醫療,
6958,日盛台駿,其他,
6958A,日盛台駿甲特,其他,
6959,兆捷科技,化學工業,
7803,雲象科技-創,創新板股票,
6961,旅天下,觀光餐旅,
6962,奕力-KY,半導體業,
6962,奕力-KY,電子工業,
6963,品元,食品工業,
7801,華芸科技,資訊服務業,
6965,中傑-KY,運動休閒,
7799,禾榮科,生技醫療業,
6967,汎瑋材料,電子零組件業,
7799,禾榮科,化學生技醫療,
6968,萬達寵物,居家生活類,
6969,成信實業*-創,創新板股票,
7798,將捷,建材營造,
6969,成信實業*-創,綠能環保,
7797,Q Burger,觀光餐旅,
6957,裕慶-KY,其他,
6955,邦睿生技-創,生技醫療業,
7803,雲象科技-創,生技醫療業,
7805,威聯通,數位雲端類,
6945,圓祥生技,生技醫療業,
6946,三地能源,綠能環保,
6947,台鎔科技,綠能環保,
6949,沛爾生醫-創,創新板股票,
7815,新特,半導體業,
6949,沛爾生醫-創,化學生技醫療,
6949,沛爾生醫-創,生技醫療業,
6951,青新-創,創新板股票,
7814,海昌生技,生技醫療業,
6971,惠民實業,綠能環保類,
7813,宇辰系統,其他電子業,
7812,稜研科技*,通信網路業,
7811,民盛,運動休閒類,
6952,大武山,其他,
7810,捷創科技,半導體業,
7808,訊聯智藥,生技醫療業,
6953,家碩,半導體業,
6955,邦睿生技-創,創新板股票,
6955,邦睿生技-創,化學生技醫療,
7806,精華生醫,食品工業,
6951,青新-創,綠能環保,
7767,仁大資訊,資訊服務業,
7796,擷發科,半導體業,
6972,博瑞達應材,化學工業,
7786,東方風能,綠能環保,
6997,博弘,數位雲端類,
7785,北祥科服,數位雲端,
7784,安邦生技*,生技醫療業,
6999,瀚醫生技,生技醫療業,
7783,佳運,綠能環保,
7782,光速火箭,居家生活類,
7781,昕力資*,數位雲端,
7780,大研生醫*,食品工業,
7779,鍇睿國際,運動休閒,
7777,能率亞洲,其他,
7776,奧孟亞,生技醫療業,
7773,富禾生醫,生技醫療業,
7772,耀穎,半導體業,
7771,綠基,光電業,
7770,君曜,半導體業,
7769,鴻勁,電子工業,
7769,鴻勁,半導體業,
7768,頌勝科技,電子工業,
6996,力領科技,半導體業,
7788,松川精密,電子工業,
7788,松川精密,電子零組件業,
6995,野獸國,其他,
6973,永立榮,生技醫療業,
6976,育世博-KY,生技醫療業,
6977,聯純,綠能環保,
6979,勝釩,光電業,
6980,鐳洋科技,通信網路業,
7795,長廣,電子工業,
7794,宏碁智新,居家生活類,
6982,大井泵浦,電機機械,
7792,安葆,其他電子類,
7795,長廣,電子零組件業,
6983,華洋精機,其他電子類,
6986,和迅,生技醫療業,
6987,寶晶能源*,綠能環保,
6988,威力暘-創,創新板股票,
7791,皇家可口,食品工業,
6988,威力暘-創,汽車工業,
7790,思必瑞特,生技醫療業,
6990,華鉬,綠能環保,
7789,開展,觀光餐旅,
6994,富威電力,綠能環保,
6984,ACpay,數位雲端,
8114,振樺電,電腦及週邊設備業,
6819,眾智,半導體業,
6817,溫士頓,生技醫療業,
6625,必應,其他,
8097,常珵,通信網路業,
8096,擎亞,電子通路業,
6629,泰金-KY,居家生活類,
6634,欣耀,生技醫療業,
8093,保銳,電子零組件業,
6637,醫影,生技醫療業,
8092,建暐,其他電子類,
6638,沅聖,電腦及週邊設備業,
6639,源大環能,油電燃氣業,
6640,均華,半導體業,
8091,翔名,半導體業,
8089,康全電訊,通信網路業,
6641,基士德-KY,綠能環保,
6642,富致,電子零組件業,
6643,M31,半導體業,
8088,品安,半導體業,
8087,麗升能源,綠能環保類,
6645,金萬林-創,創新板股票,
6624,萬年清,綠能環保類,
8098,慶康科技,半導體業,
6622,百聿數碼,文化創意業,
6621,華宇藥,生技醫療業,
6606,建德工業,電機機械,
8105,凌巨,光電業,
6609,瀧澤科,電機機械,
6610,安成生技,生技醫療業,
6612,奈米醫材,生技醫療業,
6613,朋億*,其他電子類,
8104,錸寶,電子工業,
6614,資拓宏宇,數位雲端,
6615,慧智,生技醫療業,
8086,宏捷科,半導體業,
8104,錸寶,光電業,
6616,特昇-KY,居家生活類,
8103,瀚荃,電子工業,
8102,傑霖科技,半導體業,
8101,華冠,電子工業,
6617,共信-KY,生技醫療業,
6618,永虹先進,化學工業,
8101,華冠,通信網路業,
8099,大世科,資訊服務業,
6620,漢達,生技醫療業,
8103,瀚荃,電子零組件業,
6605,帝寶,汽車工業,
6645,金萬林-創,化學生技醫療,
6648,斯其大,其他電子業,
8081,致新,半導體業,
6669,緯穎,電腦及週邊設備業,
8080,泰霖,建材營造,
6670,復盛應用,運動休閒,
8077,洛碁,觀光餐旅,
8076,伍豐,電腦及週邊設備業,
6671,三能-KY,居家生活,
6672,騰輝電子-KY,電子工業,
8074,鉅橡,電子零組件業,
8072,陞泰,電子通路業,
6672,騰輝電子-KY,電子零組件業,
8072,陞泰,電子工業,
8071,能率網通,電子零組件業,
6673,和詮,光電業,
6674,鋐寶科技,通信網路業,
6674,鋐寶科技,電子工業,
8070,長華*,電子通路業,
6676,祥翊,生技醫療業,
6677,瑩碩生技,生技醫療業,
6669,緯穎,電子工業,
6668,中揚光,電子工業,
6668,中揚光,光電業,
6667,信紘科,其他電子類,
6649,台生材,生技醫療業,
8085,福華,其他電子類,
6650,帝圖,文化創意業,
6651,全宇昕,半導體業,
8084,巨虹,電子通路業,
6654,天正國際,其他電子類,
6655,科定,其他,
8083,瑞穎,電機機械,
6657,華安,化學生技醫療,
6645,金萬林-創,生技醫療業,
6657,華安,生技醫療業,
6658,聯策,電子工業,
6659,天明製藥,生技醫療業,
6661,威健生技,生技醫療業,
6662,樂斯科,生技醫療業,
6664,群翊,電子零組件業,
6665,康聯生醫,生技醫療業,
6666,羅麗芬-KY,化學生技醫療,
6666,羅麗芬-KY,生技醫療業,
8081,致新,電子工業,
6658,聯策,其他電子業,
6679,鈺太,半導體業,
6604,儒億,電機機械,
6599,普達系統,電腦及週邊設備業,
6541,泰福-KY,化學生技醫療,
6541,泰福-KY,生技醫療業,
6542,隆中,文化創意業,
6543,普惠醫工,生技醫療業,
6546,正基,通信網路業,
6547,高端疫苗,生技醫療業,
6548,長科*,半導體業,
6549,景凱,生技醫療業,
6550,北極星藥業-KY,化學生技醫療,
6550,北極星藥業-KY,生技醫療業,
6552,易華電,半導體業,
6552,易華電,電子工業,
6555,榮炭,電子零組件業,
6556,勝品,光電業,
6558,興能高,其他電子業,
6558,興能高,電子工業,
6559,研晶,光電業,
6560,欣普羅,光電業,
6561,是方,通信網路業,
6539,麗彤,生技醫療業,
6538,倉和,電子零組件業,
6536,碩豐,資訊服務業,
6535,順藥,生技醫療業,
6515,穎崴,電子工業,
6516,勤崴國際,資訊服務業,
6517,保勝光學,光電業,
6518,康科特,生技醫療業,
6523,達爾膚,生技醫療業,
6525,捷敏-KY,半導體業,
6525,捷敏-KY,電子工業,
6526,達發,半導體業,
6526,達發,電子工業,
8112A,至上甲特,電子通路業,
6527,明達醫,生技醫療業,
6531,愛普*,半導體業,
6531,愛普*,電子工業,
6532,瑞耘,半導體業,
6533,晶心科,半導體業,
6533,晶心科,電子工業,
6534,正瀚-創,創新板股票,
8114,振樺電,電子工業,
6534,正瀚-創,化學生技醫療,
7729,仲恩生醫,生技醫療業,
6530,創威,通信網路業,
6603,富強鑫,電機機械,
6563,映智,半導體業,
6565,物聯,數位雲端,
8111,立碁,光電業,
6589,台康生技,生技醫療業,
6590,普鴻,資訊服務業,
6591,動力-KY,電子工業,
6591,動力-KY,電腦及週邊設備業,
6592,和潤企業,其他,
6592A,和潤企業甲特,其他,
6592B,和潤企業乙特,其他,
8110,華東,電子工業,
8110,華東,半導體業,
6593,台灣銘板,資訊服務業,
8109,博大,電子零組件業,
8107,大億金茂,電機機械,
6595,光禹國際,文化創意業,
6596,寬宏藝術,文化創意業,
8105,凌巨,電子工業,
6597,立誠,電子零組件業,
6598,ABC-KY,化學生技醫療,
6598,ABC-KY,生技醫療業,
6589,台康生技,化學生技醫療,
6588,東典光電,通信網路業,
6586,醣基,生技醫療業,
6585,鼎基,其他,
6568,宏觀,半導體業,
6569,醫揚,生技醫療業,
6570,維田,電腦及週邊設備業,
6572,博錸,生技醫療業,
6573,虹揚-KY,半導體業,
6573,虹揚-KY,電子工業,
6574,霈方,生技醫療業,
6576,逸達,生技醫療業,
6577,勁豐,電腦及週邊設備業,
6564,安特羅,生技醫療業,
6578,達邦蛋白,農業科技業,
6579,研揚,電腦及週邊設備業,
8112A,至上甲特,電子工業,
8112,至上,電子通路業,
6580,台睿,生技醫療業,
8112,至上,電子工業,
6581,鋼聯,綠能環保,
6582,申豐,橡膠工業,
6583,友松,文化創意業,
6584,南俊國際,電子零組件業,
6579,研揚,電子工業,
6818,連騰,通信網路業,
6680,鑫創電子,電腦及週邊設備業,
6683,雍智科技,半導體業,
6770,力積電,半導體業,
6770,力積電,電子工業,
6771,平和環保-創,創新板股票,
7909,鈺祥,半導體業,
7907,錸恩帕斯,其他電子業,
7904,任開數位,數位雲端,
6771,平和環保-創,綠能環保,
6775,穎台科技,光電業,
6776,展碁國際,電子工業,
6776,展碁國際,電子通路業,
6780,學習王,文化創意業,
7902,宇越生醫*,生技醫療業,
7901,大大寬頻,通信網路業,
7899,景美,半導體業,
6781,AES-KY,電子工業,
6781,AES-KY,電子零組件業,
6782,視陽,化學生技醫療,
6782,視陽,生技醫療業,
6784,天凱科技,通信網路業,
6768,志強-KY,運動休閒,
7911,阿波羅電力,綠能環保,
6767,台微醫,生技醫療業,
7912,新聿科,電子零組件業,
6743,安普新,電子工業,
6744,豐技生技,生技醫療業,
6748,亞果生醫,生技醫療業,
6750,泰創工程,其他電子業,
6751,智聯服務,資訊服務業,
6752,叡揚,資訊服務業,
6753,龍德造船,航運業,
7919,禾蒼,光電業,
6754,匯僑設計,居家生活,
6785,昱展新藥,生技醫療業,
6755,連鋐科技,電子零組件業,
6756,威鋒電子,電子工業,
7918,創鉅材料,半導體業,
6757,台灣虎航,航運業,
6758,冠亞,生技醫療業,
6761,穩得,電子零組件業,
7915,廌家,通信網路業,
6762,達亞,生技醫療業,
6763,綠界科技*,數位雲端類,
7913,通寶半導體,半導體業,
6756,威鋒電子,半導體業,
6743,安普新,其他電子業,
6786,芯測,半導體業,
6788,華景電,半導體業,
7892,元鈦科,電腦及週邊設備業,
7891,博研醫藥,生技醫療業,
6805,富世達,電子零組件業,
7890,明曜科技,綠能環保,
7889,騰勢,食品工業,
7888,麗寶新藥,生技醫療業,
7887,宇川精材,半導體業,
6807,峰源-KY,居家生活,
6808,三鼎生技,生技醫療業,
6810,新穎生醫,生技醫療業,
6811,宏碁資訊,數位雲端類,
7886,科建,半導體業,
6812,梭特,光電業,
7885,宏羚,其他電子業,
6814,路迦生醫,生技醫療業,
6815,晶鑽生醫,生技醫療業,
6816,捷智商訊,資訊服務業,
7883,饗賓,觀光餐旅,
7882,倍利創投,其他,
6805,富世達,電子工業,
6804,明係,運動休閒類,
7893,睿信,電子零組件業,
6803,崑鼎,綠能環保類,
6789,采鈺,半導體業,
6789,采鈺,電子工業,
6790,永豐實,造紙工業,
6791,虎門科技,資訊服務業,
6792,詠業,通信網路業,
6792,詠業,電子工業,
6793,天力離岸,其他,
7898,乾瞻,半導體業,
7897,禾迅綠電,綠能環保,
6787,晶瑞光,光電業,
6794,向榮生技,化學生技醫療,
6794,向榮生技,生技醫療業,
6796,晉弘,化學生技醫療,
6796,晉弘,生技醫療業,
6797,圓點奈米,生技醫療業,
7895,元進莊,農業科技,
6798,展逸,運動休閒,
6799,來頡,半導體業,
6799,來頡,電子工業,
7894,瀚軒,半導體業,
7896,喬越,電子零組件業,
6682,華旭先進,光電業,
6742,澤米,電子工業,
7920,瀚陽*,生技醫療業,
8045,達運光電,電子工業,
6696,仁新,生技醫療業,
8045,達運光電,通信網路業,
6697,東捷資訊,資訊服務業,
6698,旭暉應材,其他電子業,
8044,網家,數位雲端類,
6698,旭暉應材,電子工業,
8043,蜜望實,電子零組件業,
8042,金山電,電子零組件業,
8040,九暘,半導體業,
8039,台虹,電子零組件業,
6703,軒郁,生技醫療業,
8039,台虹,電子工業,
8038,長園科,電子零組件業,
8034,榮群,通信網路業,
6704,國璽幹細胞,生技醫療業,
6705,振躍精密,電機機械,
8033,雷虎,其他,
6706,惠特,光電業,
6695,芯鼎,電子工業,
8046,南電,電子工業,
6695,芯鼎,半導體業,
8046,南電,電子零組件業,
8070,長華*,電子工業,
6684,安格,半導體業,
8069,元太,光電業,
8068,全達,電子通路業,
8067,志旭,電子通路業,
6689,伊雲谷,數位雲端,
8066,來思達,居家生活類,
8064,東捷,光電業,
8059,凱碩,通信網路業,
8032,光菱,電子通路業,
6690,安碁資訊,數位雲端類,
8054,安國,半導體業,
8050,廣積,電腦及週邊設備業,
8049,晶采,光電業,
6691,洋基工程,其他電子業,
8048,德勝,通信網路業,
6691,洋基工程,電子工業,
8047,星雲,其他電子類,
6692,進能服,綠能環保類,
6693,廣閎科,半導體業,
8058,耐特,其他電子業,
6742,澤米,光電業,
6706,惠特,電子工業,
8028,昇陽半導體,半導體業,
6723,傑智環境,綠能環保,
7927,連距電機,電機機械,
6725,矽科宏晟,其他電子類,
6727,亞泰金屬,電子零組件業,
6728,上洋,居家生活類,
7926,中華立鼎,光電業,
6729,機光科技,光電業,
7924,TLC-KY,生技醫療業,
6730,常廣,生技醫療業,
7922,源點*,綠能環保,
6732,昇佳電子,半導體業,
6733,博晟生醫,生技醫療業,
6734,安盛生,生技醫療業,
6735,美達科技,其他電子類,
6737,秀育,電腦及週邊設備業,
6738,鼎恒,資訊服務業,
7921,台普威,綠能環保,
6739,竹陞科技,其他電子類,
6741,91APP*-KY,數位雲端類,
7928,合聖科技*,通信網路業,
6722,輝創,電子工業,
6722,輝創,其他電子業,
7929,碩通,電腦及週邊設備業,
8027,鈦昇,電機機械,
6707,富基電通,電子通路業,
6708,天擎,半導體業,
8024,佑華,半導體業,
6709,昱厚生技,生技醫療業,
8021,尖點,電子工業,
6712,長聖,生技醫療業,
8021,尖點,其他電子業,
6715,嘉基,電子工業,
8028,昇陽半導體,電子工業,
8016,矽創,電子工業,
8016,矽創,半導體業,
6716,應廣,半導體業,
8011,台通,電子工業,
6719,力智,半導體業,
8011,台通,通信網路業,
6719,力智,電子工業,
7931,續升綠能,綠能環保,
6720,久昌,半導體業,
6721,信實,其他,
6715,嘉基,電子零組件業,
4943,康控-KY,電子工業,
00400A,主動國泰動能高息,ETF,
4942,嘉彰,光電業,
1783,和康生,化學生技醫療,
1783,和康生,生技醫療業,
1784,訊聯,生技醫療業,
1785,光洋科,其他電子類,
1786,科妍,化學生技醫療,
1786,科妍,生技醫療業,
1788,杏昌,生技醫療業,
1789,神隆,化學生技醫療,
1789,神隆,生技醫療業,
1795,美時,化學生技醫療,
1795,美時,生技醫療業,
1796,金穎生技,食品工業,
1799,易威,生技醫療業,
1802,台玻,玻璃陶瓷,
1805,寶徠,建材營造,
1806,冠軍,玻璃陶瓷,
1808,潤隆,建材營造,
1809,中釉,玻璃陶瓷,
1810,和成,玻璃陶瓷,
1813,寶利徠,生技醫療業,
1815,富喬,電子零組件業,
1817,凱撒衛,玻璃陶瓷,
1902,台紙,造紙工業,
1903,士紙,造紙工業,
1904,正隆,造紙工業,
1781,合世,生技醫療業,
1905,華紙,造紙工業,
1780,立弘,食品工業,
1776,展宇,化學生技醫療,
1727,中華化,化學生技醫療,
1730,花仙子,化學工業,
1730,花仙子,化學生技醫療,
1731,美吾華,化學生技醫療,
1731,美吾華,生技醫療業,
1732,毛寶,化學工業,
1732,毛寶,化學生技醫療,
1733,五鼎,化學生技醫療,
1733,五鼎,生技醫療業,
1734,杏輝,化學生技醫療,
1734,杏輝,生技醫療業,
1735,日勝化,化學工業,
1735,日勝化,化學生技醫療,
1736,喬山,運動休閒,
1737,臺鹽,食品工業,
1742,台蠟,化學工業,
1752,南光,化學生技醫療,
1752,南光,生技醫療業,
1760,寶齡富錦,化學生技醫療,
1760,寶齡富錦,生技醫療業,
1762,中化生,化學生技醫療,
1762,中化生,生技醫療業,
1773,勝一,化學工業,
1773,勝一,化學生技醫療,
1776,展宇,化學工業,
1777,生泰,生技醫療業,
1727,中華化,化學工業,
1906,寶隆,造紙工業,
1909,榮成,造紙工業,
2059,川湖,電子零組件業,
2061,風青,電器電纜,
2062,橋椿,居家生活,
2063,世鎧,鋼鐵工業,
2064,晉椿,鋼鐵工業,
2065,世豐,鋼鐵工業,
2066,世德,電機機械,
2067,嘉鋼,電機機械,
2069,運錩,鋼鐵工業,
2070,精湛,電機機械,
2071,震南鐵,鋼鐵工業,
2072,世紀風電,綠能環保,
2073,雄順,鋼鐵工業,
2101,南港,橡膠工業,
2102,泰豐,橡膠工業,
2103,台橡,橡膠工業,
2104,國際中橡,橡膠工業,
2105,正新,橡膠工業,
2106,建大,橡膠工業,
2107,厚生,橡膠工業,
2108,南帝,橡膠工業,
2109,華豐,橡膠工業,
2114,鑫永銓,橡膠工業,
2115,六暉-KY,汽車工業,
2201,裕隆,汽車工業,
2059,川湖,電子工業,
1907,永豐餘,造紙工業,
2049,上銀,電機機械,
2035,唐榮,鋼鐵工業,
2002,中鋼,鋼鐵工業,
2002A,中鋼特,鋼鐵工業,
2006,東和鋼鐵,鋼鐵工業,
2007,燁興,鋼鐵工業,
2008,高興昌,鋼鐵工業,
2009,第一銅,鋼鐵工業,
2010,春源,鋼鐵工業,
2012,春雨,鋼鐵工業,
2013,中鋼構,鋼鐵工業,
2014,中鴻,鋼鐵工業,
2015,豐興,鋼鐵工業,
2017,官田鋼,鋼鐵工業,
2020,美亞,鋼鐵工業,
2022,聚亨,鋼鐵工業,
2023,燁輝,鋼鐵工業,
2024,志聯,鋼鐵工業,
2025,千興,鋼鐵工業,
2027,大成鋼,鋼鐵工業,
2028,威致,鋼鐵工業,
2029,盛餘,鋼鐵工業,
2030,彰源,鋼鐵工業,
2031,新光鋼,鋼鐵工業,
2032,新鋼,鋼鐵工業,
2033,佳大,鋼鐵工業,
2034,允強,鋼鐵工業,
2038,海光,鋼鐵工業,
1726,永記,化學生技醫療,
1726,永記,化學工業,
1725,元禎,化學生技醫療,
1522,堤維西,汽車工業,
1522A,堤維西甲特,汽車工業,
1524,耿鼎,汽車工業,
1525,江申,汽車工業,
1526,日馳,電機機械,
1527,鑽全,電機機械,
1528,恩德,電機機械,
1529,樂事綠能,電機機械,
1530,亞崴,電機機械,
1531,高林股,電機機械,
1532,勤美,電機機械,
1533,車王電,汽車工業,
1535,中宇,電機機械,
1536,和大,汽車工業,
1537,廣隆,電機機械,
1538,正峰,電機機械,
1539,巨庭,電機機械,
1540,喬福,電機機械,
1541,錩泰,電機機械,
1558,伸興,電機機械,
1560,中砂,電機機械,
1563,巧新,汽車工業,
1565,精華,生技醫療業,
1568,倉佑,汽車工業,
1569,濱川,電腦及週邊設備業,
1521,大億,汽車工業,
1570,力肯,電機機械,
1519,華城,電機機械,
1516,川飛,其他,
1459,聯發,紡織纖維,
1460,宏遠,紡織纖維,
1463,強盛新,紡織纖維,
1464,得力,紡織纖維,
1465,偉全,紡織纖維,
1466,聚隆,紡織纖維,
1467,南緯,紡織纖維,
1468,昶和,紡織纖維,
1470,大統新創,紡織纖維,
1471,首利,電子工業,
1471,首利,電子零組件業,
1472,三洋實業,建材營造,
1473,台南,紡織纖維,
1474,弘裕,紡織纖維,
1475,業旺,紡織纖維,
1476,儒鴻,紡織纖維,
1477,聚陽,紡織纖維,
1480,東盟開發,鋼鐵工業,
1503,士電,電機機械,
1504,東元,電機機械,
1506,正道,電機機械,
1512,瑞利,汽車工業,
1513,中興電,電機機械,
1514,亞力,電機機械,
1515,力山,電機機械,
1517,利奇,電機機械,
1580,新麥,電機機械,
1582,信錦,電子工業,
1582,信錦,電子零組件業,
1709,和益,化學工業,
1709,和益,化學生技醫療,
1710,東聯,化學工業,
1710,東聯,化學生技醫療,
1711,永光,化學工業,
1711,永光,化學生技醫療,
1712,興農,化學工業,
1712,興農,化學生技醫療,
1713,國化,化學工業,
1713,國化,化學生技醫療,
1714,和桐,化學工業,
1714,和桐,化學生技醫療,
1717,長興,化學工業,
1717,長興,化學生技醫療,
1718,中纖,化學工業,
1718,中纖,化學生技醫療,
1720,生達,化學生技醫療,
1720,生達,生技醫療業,
1721,三晃,化學工業,
1721,三晃,化學生技醫療,
1722,台肥,化學工業,
1722,台肥,化學生技醫療,
1723,中碳,化學工業,
1723,中碳,化學生技醫療,
1725,元禎,化學工業,
1708,東鹼,化學生技醫療,
1708,東鹼,化學工業,
1707,葡萄王,生技醫療業,
1707,葡萄王,化學生技醫療,
1583,程泰,電機機械,
1584,精剛,其他,
1586,和勤,電機機械,
1587,吉茂,汽車工業,
1590,亞德客-KY,電機機械,
1593,祺驊,運動休閒類,
1594,日高,電機機械,
1595,川寶,半導體業,
1597,直得,電機機械,
1598,岱宇,運動休閒,
1599,宏佳騰,電機機械,
1603,華電,電器電纜,
2204,中華,汽車工業,
1604,聲寶,電器電纜,
1608,華榮,電器電纜,
1609,大亞,電器電纜,
1611,中電,電器電纜,
1612,宏泰,電器電纜,
1614,三洋電,電器電纜,
1615,大山,電器電纜,
1616,億泰,電器電纜,
1617,榮星,電器電纜,
1618,合機,電器電纜,
1623,大東電,電器電纜,
1626,艾美特-KY,電器電纜,
1702,南僑,食品工業,
1605,華新,電器電纜,
1457,宜進,紡織纖維,
2206,三陽工業,汽車工業,
2208,台船,航運業,
2397,友通,電子工業,
2397,友通,電腦及週邊設備業,
2399,映泰,電子工業,
2399,映泰,電腦及週邊設備業,
2401,凌陽,半導體業,
2401,凌陽,電子工業,
2402,毅嘉,電子工業,
2402,毅嘉,電子零組件業,
2404,漢唐,其他電子業,
2404,漢唐,電子工業,
2405,輔信,電子工業,
2405,輔信,電腦及週邊設備業,
2406,國碩,光電業,
2406,國碩,電子工業,
2408,南亞科,半導體業,
2408,南亞科,電子工業,
2409,友達,光電業,
2409,友達,電子工業,
2412,中華電,通信網路業,
2412,中華電,電子工業,
2413,環科,電子工業,
2413,環科,電子零組件業,
2414,精技,電子工業,
2414,精技,電子通路業,
2415,錩新,電子工業,
2395,研華,電腦及週邊設備業,
2415,錩新,電子零組件業,
2395,研華,電子工業,
2393,億光,光電業,
2374,佳能,電子工業,
2375,凱美,電子工業,
2375,凱美,電子零組件業,
2376,技嘉,電子工業,
2376,技嘉,電腦及週邊設備業,
2377,微星,電子工業,
2377,微星,電腦及週邊設備業,
2379,瑞昱,半導體業,
2379,瑞昱,電子工業,
2380,虹光,電子工業,
2380,虹光,電腦及週邊設備業,
2382,廣達,電子工業,
2382,廣達,電腦及週邊設備業,
2383,台光電,電子工業,
2383,台光電,電子零組件業,
2385,群光,電子工業,
2385,群光,電子零組件業,
2387,精元,電子工業,
2387,精元,電腦及週邊設備業,
2388,威盛,半導體業,
2388,威盛,電子工業,
2390,云辰,其他電子業,
2390,云辰,電子工業,
2392,正崴,電子工業,
2392,正崴,電子零組件業,
2393,億光,電子工業,
2374,佳能,光電業,
2417,圓剛,電子工業,
2419,仲琦,通信網路業,
2434,統懋,電子工業,
2436,偉詮電,半導體業,
2436,偉詮電,電子工業,
2438,翔耀,光電業,
2438,翔耀,電子工業,
2439,美律,通信網路業,
2439,美律,電子工業,
2440,太空梭,電子工業,
2440,太空梭,電子零組件業,
2441,超豐,半導體業,
2441,超豐,電子工業,
2442,新美齊,建材營造,
4942,嘉彰,電子工業,
2444,兆勁,電子工業,
2449,京元電子,半導體業,
2449,京元電子,電子工業,
2450,神腦,通信網路業,
2450,神腦,電子工業,
2451,創見,半導體業,
2451,創見,電子工業,
2453,凌群,資訊服務業,
2453,凌群,電子工業,
2454,聯發科,半導體業,
2454,聯發科,電子工業,
2455,全新,通信網路業,
2434,統懋,半導體業,
2417,圓剛,電腦及週邊設備業,
2433,互盛電,電子工業,
2432,倚天酷碁-創,電腦及週邊設備業,
2419,仲琦,電子工業,
2420,新巨,電子工業,
2420,新巨,電子零組件業,
2421,建準,電子工業,
2421,建準,電子零組件業,
2423,固緯,其他電子業,
2423,固緯,電子工業,
2424,隴華,通信網路業,
2424,隴華,電子工業,
2425,承啟,電子工業,
2425,承啟,電腦及週邊設備業,
2426,鼎元,光電業,
2426,鼎元,電子工業,
2427,三商電,資訊服務業,
2427,三商電,電子工業,
2428,興勤,電子工業,
2428,興勤,電子零組件業,
2429,銘旺科,光電業,
2429,銘旺科,電子工業,
2430,燦坤,電子工業,
2430,燦坤,電子通路業,
2431,聯昌,電子工業,
2431,聯昌,電子零組件業,
2432,倚天酷碁-創,創新板股票,
2432,倚天酷碁-創,電子工業,
2433,互盛電,其他電子業,
2373,震旦行,電子工業,
2373,震旦行,其他電子業,
2371,大同,電機機械,
2303,聯電,半導體業,
2303,聯電,電子工業,
2305,全友,電子工業,
2305,全友,電腦及週邊設備業,
2308,台達電,電子工業,
2308,台達電,電子零組件業,
2312,金寶,其他電子業,
2312,金寶,電子工業,
2313,華通,電子工業,
2313,華通,電子零組件業,
2314,台揚,通信網路業,
2314,台揚,電子工業,
2316,楠梓電,電子工業,
2316,楠梓電,電子零組件業,
2317,鴻海,其他電子業,
2317,鴻海,電子工業,
2321,東訊,通信網路業,
2321,東訊,電子工業,
2323,中環,光電業,
2323,中環,電子工業,
2324,仁寶,電子工業,
2324,仁寶,電腦及週邊設備業,
2327,國巨*,電子工業,
2327,國巨*,電子零組件業,
2328,廣宇,電子工業,
2302,麗正,電子工業,
2328,廣宇,電子零組件業,
2302,麗正,半導體業,
2301,光寶科,電子工業,
2211,長榮鋼,鋼鐵工業,
2221,大甲,其他,
2227,裕日車,汽車工業,
2228,劍麟,汽車工業,
2230,泰茂,居家生活類,
2231,為升,汽車工業,
2233,宇隆,汽車工業,
2235,謚源,電機機械,
2236,百達-KY,汽車工業,
2237,華德動能,電機機械,
2239,英利-KY,汽車工業,
2241,艾姆勒,汽車工業,
2243,宏旭-KY,汽車工業,
2245,詠勝昌*,電機機械,
2247,汎德永業,汽車工業,
2248,華勝-KY,汽車工業,
2249,湧盛,電機機械,
2250,IKKA-KY,汽車工業,
2252,為昇科,其他電子業,
2254,巨鎧精密-創,創新板股票,
2254,巨鎧精密-創,汽車工業,
2255,凱銳光電,其他電子業,
2256,歐特明,其他電子業,
2258,鴻華先進-創,創新板股票,
2258,鴻華先進-創,汽車工業,
2301,光寶科,電腦及週邊設備業,
2329,華泰,半導體業,
2329,華泰,電子工業,
2330,台積電,半導體業,
2354,鴻準,電子工業,
2355,敬鵬,電子工業,
2355,敬鵬,電子零組件業,
2356,英業達,電子工業,
2356,英業達,電腦及週邊設備業,
2357,華碩,電子工業,
2357,華碩,電腦及週邊設備業,
2359,所羅門,其他電子業,
2359,所羅門,電子工業,
2360,致茂,其他電子業,
2360,致茂,電子工業,
2362,藍天,電子工業,
2362,藍天,電腦及週邊設備業,
2363,矽統,半導體業,
2363,矽統,電子工業,
2364,倫飛,電子工業,
2364,倫飛,電腦及週邊設備業,
2365,昆盈,電子工業,
2365,昆盈,電腦及週邊設備業,
2367,燿華,電子工業,
2367,燿華,電子零組件業,
2368,金像電,電子工業,
2368,金像電,電子零組件業,
2369,菱生,半導體業,
2369,菱生,電子工業,
2354,鴻準,其他電子業,
2353,宏碁,電腦及週邊設備業,
2353,宏碁,電子工業,
2352,佳世達,電腦及週邊設備業,
2330,台積電,電子工業,
2331,精英,電子工業,
2331,精英,電腦及週邊設備業,
2332,友訊,通信網路業,
2332,友訊,電子工業,
2337,旺宏,半導體業,
2337,旺宏,電子工業,
2338,光罩,半導體業,
2338,光罩,電子工業,
2340,台亞,半導體業,
2340,台亞,電子工業,
2342,茂矽,半導體業,
2207,和泰車,汽車工業,
2342,茂矽,電子工業,
2344,華邦電,電子工業,
2345,智邦,通信網路業,
2345,智邦,電子工業,
2347,聯強,電子工業,
2347,聯強,電子通路業,
2348,海悅,其他,
2348A,海悅甲特,其他,
2349,錸德,光電業,
2349,錸德,電子工業,
2351,順德,半導體業,
2351,順德,電子工業,
2352,佳世達,電子工業,
2344,華邦電,半導體業,
2455,全新,電子工業,
1456,怡華,建材營造,
1454,台富,紡織纖維,
00779B,凱基美債25+,上櫃ETF,
00780B,國泰A級金融債,上櫃ETF,
00781B,國泰A級科技債,上櫃ETF,
00782B,國泰A級公用債,上櫃ETF,
00783,富邦中証500,ETF,
00785B,富邦金融投等債,上櫃ETF,
00786B,元大10年IG銀行債,上櫃ETF,
00787B,元大10年IG醫療債,上櫃ETF,
00788B,元大10年IG電能債,上櫃ETF,
00789B,復華公司債A3,上櫃ETF,
00791B,復華信用債1-5,上櫃ETF,
00792B,群益A級公司債,上櫃ETF,
00793B,群益AAA-A醫療債,上櫃ETF,
00795B,中信美國公債20年,上櫃ETF,
00799B,國泰A級醫療債,上櫃ETF,
00830,國泰費城半導體,ETF,
00834B,第一金金融債10+,上櫃ETF,
00836B,永豐10年A公司債,上櫃ETF,
00840B,凱基IG精選15+,上櫃ETF,
00841B,凱基AAA-AA公司債,上櫃ETF,
00842B,台新美元銀行債,上櫃ETF,
00844B,新光15年IG金融債,上櫃ETF,
00845B,富邦新興投等債,上櫃ETF,
00846B,富邦歐洲銀行債,上櫃ETF,
00847B,中信美國市政債,上櫃ETF,
00778B,凱基金融債20+,上櫃ETF,
00848B,中信新興亞洲債,上櫃ETF,
00777B,凱基AAA至A公司債,上櫃ETF,
00773B,中信優先金融債,上櫃ETF,
00738U,期元大道瓊白銀,ETF,
00739,元大MSCI A股,ETF,
00740B,富邦全球投等債,上櫃ETF,
00741B,富邦全球非投等債,上櫃ETF,
00746B,富邦A級公司債,上櫃ETF,
00749B,凱基新興債10+,上櫃ETF,
00750B,凱基科技債10+,上櫃ETF,
00751B,元大AAA至A公司債,上櫃ETF,
00752,中信中國50,ETF,
00753L,中信中國50正2,ETF,
00754B,群益AAA-AA公司債,上櫃ETF,
00755B,群益投資級公用債,上櫃ETF,
00756B,群益投等新興公債,上櫃ETF,
00757,統一FANG+,ETF,
00758B,復華能源債,上櫃ETF,
00759B,復華製藥債,上櫃ETF,
00760B,復華新興企業債,上櫃ETF,
00761B,國泰A級公司債,上櫃ETF,
00762,元大全球AI,ETF,
00763U,期街口道瓊銅,ETF,
00764B,群益25年美債,上櫃ETF,
00768B,復華20年美債,上櫃ETF,
00770,國泰北美科技,ETF,
00771,元大US高息特別股,ETF,
00772B,中信高評級公司債,上櫃ETF,
00775B,新光投等債15+,ETF,
00737,國泰AI機器人,ETF,
00849B,中信EM主權債0-5,上櫃ETF,
00851,台新全球AI,ETF,
00894,中信小資高價30,ETF,
00895,富邦未來車,ETF,
00896,中信綠能及電動車,ETF,
00897,富邦基因免疫生技,ETF,
00898,國泰基因免疫革命,ETF,
00899,FT潔淨能源,ETF,
00900,富邦特選高股息30,ETF,
00901,永豐智能車供應鏈,ETF,
00902,中信電池及儲能,ETF,
00903,富邦元宇宙,ETF,
00904,新光臺灣半導體30,ETF,
00905,FT臺灣Smart,ETF,
00907,永豐優息存股,ETF,
00908,富邦入息REITs+,ETF,
00909,國泰數位支付服務,ETF,
00910,第一金太空衛星,ETF,
00911,兆豐洲際半導體,ETF,
00912,中信臺灣智慧50,ETF,
00913,兆豐台灣晶圓製造,ETF,
00915,凱基優選高股息30,ETF,
00916,國泰全球品牌50,ETF,
00917,中信特選金融,ETF,
00918,大華優利高填息30,ETF,
00919,群益台灣精選高息,ETF,
00920,富邦ESG綠色電力,ETF,
00893,國泰智能電動車,ETF,
00850,元大臺灣ESG永續,ETF,
00892,富邦台灣半導體,ETF,
00890B,凱基ESG BBB債15+,上櫃ETF,
00852L,國泰美國道瓊正2,ETF,
00853B,統一美債10年Aa-A,上櫃ETF,
00856B,永豐1-3年美公債,上櫃ETF,
00857B,永豐20年美公債,上櫃ETF,
00858,永豐美國500大,上櫃ETF,
00859B,群益0-1年美債,上櫃ETF,
00860B,群益1-5Y投資級債,上櫃ETF,
00861,元大全球未來通訊,ETF,
00862B,中信投資級公司債,上櫃ETF,
00863B,中信全球電信債,上櫃ETF,
00864B,中信美國公債0-1,上櫃ETF,
00865B,國泰US短期公債,ETF,
00867B,新光A-BBB電信債,上櫃ETF,
00870B,元大15年EM主權債,上櫃ETF,
00875,國泰網路資安,ETF,
00876,元大全球5G,ETF,
00877,復華中國5G,上櫃ETF,
00878,國泰永續高股息,ETF,
00881,國泰台灣科技龍頭,ETF,
00882,中信中國高股息,ETF,
00884B,中信低碳新興債,上櫃ETF,
00885,富邦越南,ETF,
00886,永豐美國科技,上櫃ETF,
00887,永豐中國科技50大,上櫃ETF,
00888,永豐台灣ESG,上櫃ETF,
00891,中信關鍵半導體,ETF,
00736,國泰新興市場,ETF,
00735,國泰臺韓科技,ETF,
00734B,台新JPM新興債,上櫃ETF,
00636K,國泰中國A50+U,ETF,
00637L,元大滬深300正2,ETF,
00638R,元大滬深300反1,ETF,
00639,富邦深100,ETF,
00640L,富邦日本正2,ETF,
00641R,富邦日本反1,ETF,
00642U,期元大S&P石油,ETF,
00643,群益深証中小,ETF,
00643K,群益深証中小+R,ETF,
00645,富邦日本,ETF,
00646,元大S&P500,ETF,
00647L,元大S&P500正2,ETF,
00648R,元大S&P500反1,ETF,
00650L,復華香港正2,ETF,
00651R,復華香港反1,ETF,
00652,富邦印度,ETF,
00653L,富邦印度正2,ETF,
00654R,富邦印度反1,ETF,
00655L,國泰中國A50正2,ETF,
00656R,國泰中國A50反1,ETF,
00657,國泰日經225,ETF,
00657K,國泰日經225+U,ETF,
00660,元大歐洲50,ETF,
00661,元大日經225,ETF,
00662,富邦NASDAQ,ETF,
00636,國泰中國A50,ETF,
00663L,國泰臺灣加權正2,ETF,
00635U,期元大S&P黃金,ETF,
00633L,富邦上証正2,ETF,
00401A,主動摩根台灣鑫收,ETF,
00402A,主動安聯美國科技,ETF,
00403A,主動統一升級50,ETF,
00404A,主動聯博動能50,ETF,
00405A,主動富邦台灣龍耀,ETF,
00406A,主動中信台灣收益,ETF,
00407A,主動凱基台灣,ETF,
0050,元大台灣50,ETF,
0051,元大中型100,ETF,
0052,富邦科技,ETF,
0053,元大電子,ETF,
0055,元大MSCI金融,ETF,
0056,元大高股息,ETF,
0057,富邦摩台,ETF,
0061,元大寶滬深,ETF,
006201,元大富櫃50,上櫃ETF,
006203,元大MSCI台灣,ETF,
006204,永豐臺灣加權,ETF,
006205,富邦上証,ETF,
006206,元大上證50,ETF,
006207,復華滬深,ETF,
006208,富邦台50,ETF,
00625K,富邦上証+R,ETF,
00631L,元大台灣50正2,ETF,
00632R,元大台灣50反1,ETF,
00634R,富邦上証反1,ETF,
00664R,國泰臺灣加權反1,ETF,
00665L,富邦恒生國企正2,ETF,
00666R,富邦恒生國企反1,ETF,
00702,國泰標普低波高息,ETF,
00703,台新MSCI中國,ETF,
00706L,期元大S&P日圓正2,ETF,
00707R,期元大S&P日圓反1,ETF,
00708L,期元大S&P黃金正2,ETF,
00709,富邦歐洲,ETF,
00710B,復華彭博非投等債,ETF,
00711B,復華彭博新興債,ETF,
00712,復華富時不動產,ETF,
00713,元大台灣高息低波,ETF,
00714,群益道瓊美國地產,ETF,
00715L,期街口布蘭特正2,ETF,
00717,富邦美國特別股,ETF,
00719B,元大美債1-3,上櫃ETF,
00720B,元大投資級公司債,上櫃ETF,
00722B,群益投資級電信債,上櫃ETF,
00723B,群益投資級科技債,上櫃ETF,
00724B,群益投資級金融債,上櫃ETF,
00725B,國泰投資級公司債,上櫃ETF,
00726B,國泰新興投等債,上櫃ETF,
00727B,國泰優選非投等債,上櫃ETF,
00728,第一金工業30,ETF,
00730,富邦臺灣優質高息,ETF,
00731,復華富時高息低波,ETF,
00733,富邦臺灣中小,ETF,
00701,國泰股利精選30,ETF,
00700,富邦恒生國企,ETF,
00697B,元大美債7-10,上櫃ETF,
00696B,富邦美債20年,上櫃ETF,
00668,國泰美國道瓊,ETF,
00668K,國泰美國道瓊+U,ETF,
00669R,國泰美國道瓊反1,ETF,
00670L,富邦NASDAQ正2,ETF,
00671R,富邦NASDAQ反1,ETF,
00673R,期元大S&P原油反1,ETF,
00674R,期元大S&P黃金反1,ETF,
00675L,富邦臺灣加權正2,ETF,
00676R,富邦臺灣加權反1,ETF,
00678,群益那斯達克生技,ETF,
00679B,元大美債20年,上櫃ETF,
00680L,元大美債20正2,ETF,
00921,兆豐龍頭等權重,ETF,
00681R,元大美債20反1,ETF,
00683L,期元大美元指正2,ETF,
00684R,期元大美元指反1,ETF,
00686R,群益臺灣加權反1,ETF,
00687B,國泰20年美債,上櫃ETF,
00687C,國泰20年美債+櫃U,上櫃ETF,
00688L,國泰20年美債正2,ETF,
00689R,國泰20年美債反1,ETF,
00690,兆豐藍籌30,ETF,
00692,富邦公司治理,ETF,
00693U,期街口S&P黃豆,ETF,
00694B,富邦美債1-3,上櫃ETF,
00695B,富邦美債7-10,上櫃ETF,
00682U,期元大美元指數,ETF,
1455,集盛,紡織纖維,
00922,國泰台灣領袖50,ETF,
00924,復華S&P500成長,ETF,
1215,卜蜂,食品工業,
1216,統一,食品工業,
1217,愛之味,食品工業,
1218,泰山,食品工業,
1219,福壽,食品工業,
1220,台榮,食品工業,
1225,福懋油,食品工業,
1227,佳格,食品工業,
1229,聯華,食品工業,
1231,聯華食,食品工業,
1232,大統益,食品工業,
1233,天仁,食品工業,
1234,黑松,食品工業,
1235,興泰,食品工業,
1236,宏亞,食品工業,
1240,茂生農經,農業科技業,
1256,鮮活果汁-KY,食品工業,
1259,安心,觀光餐旅,
1260,富味鄉,食品工業,
1264,德麥,食品工業,
1268,漢來美食,觀光餐旅,
1269,乾杯,觀光餐旅,
1271,晨暉生技,生技醫療業,
1293,利統,食品工業,
1294,漢田生技,食品工業,
1213,大飲,食品工業,
1295,生合,食品工業,
1210,大成,食品工業,
1201,味全,食品工業,
020020,元大台股領航N,ETN,
020025,統一亞洲半導體N,指數投資證券(ETN),
020027,元大上櫃ESG成長N,指數投資證券(ETN),
020028,元大特選電動車N,ETN,
020029,元大ESG高股息N,ETN,
020030,統一智慧電動車N,ETN,
020031,統一IC設計臺灣N,ETN,
020032,元大綠能N,ETN,
020033,統一恒生科期N,指數投資證券(ETN),
020034,元大IC設計N,ETN,
020035,元大上櫃ESG高息N,指數投資證券(ETN),
020036,元大金融配息N,ETN,
020037,元大金融高股息N,ETN,
020038,元大ESG配息N,ETN,
020039,元大加權N,ETN,
020040,元大上櫃ESG龍頭N,指數投資證券(ETN),
020041,兆豐半導體氣候N,指數投資證券(ETN),
1101,台泥,水泥工業,
1101B,台泥乙特,水泥工業,
1102,亞泥,水泥工業,
1103,嘉泥,水泥工業,
1104,環泥,水泥工業,
1108,幸福,水泥工業,
1109,信大,水泥工業,
1110,東泥,水泥工業,
1203,味王,食品工業,
02001L,富邦蘋果正二N,ETN,
1301,台塑,塑膠工業,
1304,台聚,塑膠工業,
1414,東和,紡織纖維,
1416,廣豐,其他,
1417,嘉裕,紡織纖維,
1418,東華,紡織纖維,
1419,新紡,紡織纖維,
1423,利華,紡織纖維,
1432,大魯閣,運動休閒,
1434,福懋,紡織纖維,
1435,中福,其他,
1436,華友聯,建材營造,
1437,勤益控,其他,
1438,三地開發,建材營造,
1439,雋揚,建材營造,
1440,南紡,紡織纖維,
1441,大東,紡織纖維,
1442,名軒,建材營造,
1443,立益物流,其他,
1444,力麗,紡織纖維,
1445,大宇,紡織纖維,
1446,宏和,紡織纖維,
1447,力鵬,紡織纖維,
1449,佳和,紡織纖維,
1451,年興,紡織纖維,
1452,宏益,紡織纖維,
1453,大將,建材營造,
1413,宏洲,紡織纖維,
1303,南亞,塑膠工業,
1410,南染,紡織纖維,
1402,遠東新,紡織纖維,
1305,華夏,塑膠工業,
1307,三芳,塑膠工業,
1308,亞聚,塑膠工業,
1309,台達化,塑膠工業,
1310,台苯,塑膠工業,
1312,國喬,塑膠工業,
1312A,國喬特,塑膠工業,
1313,聯成,塑膠工業,
1314,中石化,塑膠工業,
1315,達新,塑膠工業,
1316,上曜,建材營造,
1319,東陽,汽車工業,
1321,大洋,塑膠工業,
1323,永裕,塑膠工業,
1324,地球,塑膠工業,
1325,恆大,塑膠工業,
1326,台化,塑膠工業,
1336,台翰,電子零組件業,
1337,再生-KY,塑膠工業,
1338,廣華-KY,汽車工業,
1339,昭輝,汽車工業,
1340,勝悅-KY,塑膠工業,
1341,富林-KY,塑膠工業,
1342,八貫,其他,
1343,旭東環保,綠能環保,
1409,新纖,紡織纖維,
020012,富邦行動通訊N,ETN,
020011,統一微波高息20N,ETN,
020001,富邦存股雙十N,指數投資證券(ETN),
00955,中信日本商社,上櫃ETF,
00956,中信日經高股息,ETF,
00957B,兆豐US優選投等債,上櫃ETF,
00958B,永豐ESG銀行債15+,上櫃ETF,
00959B,大華投等美債15Y+,上櫃ETF,
00960,野村全球航運龍頭,ETF,
00961,FT臺灣永續高息,ETF,
00962,台新AI優息動能,ETF,
00963,中信全球高股息,ETF,
00964,中信亞太高股息,ETF,
00965,元大航太防衛科技,ETF,
00966B,統一ESG投等債15+,上櫃ETF,
00967B,元大優息美債,上櫃ETF,
00968B,元大優息投等債,上櫃ETF,
00969B,元大零息超長美債,上櫃ETF,
00970B,新光BBB投等債20+,上櫃ETF,
00971,野村美國研發龍頭,ETF,
00972,野村日本動能高息,ETF,
009800,中信NASDAQ,ETF,
009801,中信美國創新科技,ETF,
009802,富邦旗艦50,ETF,
009803,玉山市值動能50,ETF,
009804,聯邦台精彩50,ETF,
009805,新光美國電力基建,ETF,
009806,台新標普500,上櫃ETF,
00954,中信日本半導體,ETF,
009807,台新標普科技精選,上櫃ETF,
00953B,群益優選非投等債,ETF,
00951,台新日本半導體,ETF,
00926,凱基全球菁英55,ETF,
00927,群益半導體收益,ETF,
00928,中信上櫃ESG 30,上櫃ETF,
00929,復華台灣科技優息,ETF,
00930,永豐ESG低碳高息,ETF,
00931B,統一美債20年,上櫃ETF,
00932,兆豐永續高息等權,ETF,
00933B,國泰10Y+金融債,上櫃ETF,
00934,中信成長高股息,ETF,
00935,野村臺灣新科技50,ETF,
00936,台新永續高息中小,ETF,
00937B,群益ESG投等債20+,上櫃ETF,
00938,凱基優選30,ETF,
00939,統一台灣高息動能,ETF,
00940,元大台灣價值高息,ETF,
00941,中信上游半導體,ETF,
00942B,台新美A公司債20+,上櫃ETF,
00943,兆豐電子高息等權,ETF,
00944,野村趨勢動能高息,ETF,
00945B,凱基美國非投等債,ETF,
00946,群益科技高息成長,ETF,
00947,台新臺灣IC設計,ETF,
00948B,中信優息投資級債,上櫃ETF,
00949,復華日本龍頭,ETF,
00950B,凱基A級公司債,上櫃ETF,
00952,凱基台灣AI50,ETF,
009808,華南永昌優選50,ETF,
009809,富邦淨零ESG50,ETF,
00980A,主動野村臺灣優選,ETF,
00984B,大華優利美A債15,上櫃ETF,
00984D,主動聯博全球非投,ETF,
00985A,主動野村台灣50,ETF,
00985B,群益ESG投等債0-5,ETF,
00985D,主動貝萊德優投等,上櫃ETF,
00986A,主動台新龍頭成長,ETF,
00986B,FT金融債10+,上櫃ETF,
00986D,主動復華金融債息,上櫃ETF,
00987A,主動台新優勢成長,ETF,
00987B,野村10+澳洲公債,上櫃ETF,
00988A,主動統一全球創新,ETF,
00988B,玉山嚴選非投債,上櫃ETF,
00989A,主動摩根美國科技,ETF,
00989B,台新美國非投等債,上櫃ETF,
00990A,主動元大AI新經濟,ETF,
00991A,主動復華未來50,ETF,
00992A,主動群益科技創新,ETF,
00993A,主動安聯台灣,ETF,
00994A,主動第一金台股優,ETF,
00995A,主動中信台灣卓越,ETF,
00996A,主動兆豐台灣豐收,ETF,
00997A,主動群益美國增長,ETF,
00998A,主動復華金融股息,上櫃ETF,
00999A,主動野村臺灣高息,ETF,
020000,富邦特選蘋果N,ETN,
00984A,主動安聯台灣高息,ETF,
00983D,主動富邦複合收益,ETF,
00983B,大華優利美公債20,上櫃ETF,
00983A,主動中信ARK創新,ETF,
00980B,台新特選IG債10+,上櫃ETF,
00980D,主動聯博投等入息,上櫃ETF,
00980T,平衡凱基美國TOP,上櫃ETF,
009810,玉山全球藍籌100,ETF,
009811,統一美國50,ETF,
009812,野村日本東證,ETF,
009813,貝萊德標普卓越50,ETF,
009814,富邦標普500,上櫃ETF,
009815,大華美國MAG7+,上櫃ETF,
009816,凱基台灣TOP50,ETF,
009817,國泰日本不動產,ETF,
009818,華南永昌NASDAQxT,ETF,
00923,群益台ESG低碳50,ETF,
009819,中信數據及電力,ETF,
00981B,第一金優選非投債,上櫃ETF,
00981D,主動中信非投等債,上櫃ETF,
00981T,平衡凱基雙核收息,ETF,
009820,元大納斯達克精選,ETF,
009821,野村稀土關鍵資源,ETF,
009822,華南永昌未來金融,上櫃ETF,
009823,群益S&P500,上櫃ETF,
009824,群益美國科技巨頭,ETF,
00982A,主動群益台灣強棒,ETF,
00982B,FT投資級債20+,上櫃ETF,
00982D,主動富邦動態入息,ETF,
00982T,平衡兆豐台美動能,ETF,
00981A,主動統一台股增長,ETF,
2456,奇力新,電子零組件業,
2444,兆勁,通信網路業,
2457,飛宏,電子零組件業,
3644,凌嘉科,半導體業,
3645,達邁,電子工業,
3645,達邁,電子零組件業,
3646,艾恩特,電子零組件業,
3652,精聯,電子工業,
3652,精聯,電腦及週邊設備業,
3653,健策,電子工業,
3653,健策,電子零組件業,
3659,百辰,光電業,
3661,世芯-KY,半導體業,
3661,世芯-KY,電子工業,
3663,鑫科,其他電子類,
3664,安瑞-KY,通信網路業,
3665,貿聯-KY,其他電子業,
3665,貿聯-KY,電子工業,
3666,光耀,光電業,
3669,圓展,通信網路業,
3669,圓展,電子工業,
3672,康聯訊,通信網路業,
3673,TPK-KY,光電業,
3673,TPK-KY,電子工業,
3675,德微,半導體業,
3678,聯享,光電業,
3679,新至陞,電子工業,
3679,新至陞,電子零組件業,
3633,云光,光電業,
3680,家登,半導體業,
3632,研勤,通信網路業,
3630,新鉅科,光電業,
3592,瑞鼎,電子工業,
3593,力銘,電子工業,
3593,力銘,電子零組件業,
3594,磐儀,電腦及週邊設備業,
3595,山太士,光電業,
3596,智易,通信網路業,
3596,智易,電子工業,
3597,映興,電子零組件業,
3603,建祥國際,電子通路業,
3605,宏致,電子工業,
3605,宏致,電子零組件業,
3607,谷崧,電子工業,
3607,谷崧,電子零組件業,
3609,三一東林,電子零組件業,
3611,鼎翰,電腦及週邊設備業,
3615,安可,光電業,
3617,碩天,其他電子業,
3617,碩天,電子工業,
3622,洋華,光電業,
3622,洋華,電子工業,
3623,富晶通,光電業,
3624,光頡,電子零組件業,
3625,西勝,電腦及週邊設備業,
3628,盈正,其他電子類,
3629,地心引力,文化創意業,
3631,晟楠,電子零組件業,
3592,瑞鼎,半導體業,
3684,榮昌,通信網路業,
3686,達能,半導體業,
3715,定穎投控,電子工業,
3715,定穎投控,電子零組件業,
3716,中化控股,化學生技醫療,
3716,中化控股,生技醫療業,
3717,聯嘉投控,汽車工業,
4102,永日,生技醫療業,
4104,佳醫,化學生技醫療,
4104,佳醫,生技醫療業,
4105,東洋,生技醫療業,
4106,雃博,化學生技醫療,
4106,雃博,生技醫療業,
4107,邦特,生技醫療業,
4108,懷特,化學生技醫療,
4108,懷特,生技醫療業,
4109,加捷生醫,生技醫療業,
4111,濟生,生技醫療業,
4113,聯上,建材營造,
4114,健喬,生技醫療業,
4115,善德生技,生技醫療業,
4116,明基醫,生技醫療業,
4117,普生,生技醫療業,
4119,旭富,化學生技醫療,
4119,旭富,生技醫療業,
4120,友華,生技醫療業,
4121,優盛,生技醫療業,
3714,富采,電子工業,
3685,元創精密,電機機械,
3714,富采,光電業,
3712,永崴投控,電腦及週邊設備業,
3686,達能,電子工業,
3687,歐買尬,數位雲端類,
3689,湧德,電子零組件業,
3691,碩禾,光電業,
3693,營邦,電腦及週邊設備業,
3694,海華,通信網路業,
3694,海華,電子工業,
3701,大眾控,電子工業,
3701,大眾控,電腦及週邊設備業,
3702,大聯大,電子工業,
3702,大聯大,電子通路業,
3703,欣陸,建材營造,
3704,合勤控,通信網路業,
3704,合勤控,電子工業,
3705,永信,化學生技醫療,
3705,永信,生技醫療業,
3706,神達,電子工業,
3706,神達,電腦及週邊設備業,
3707,漢磊,半導體業,
3708,上緯投控,綠能環保,
3709,鑫聯大投控,電腦及週邊設備業,
3710,連展投控,電子零組件業,
3711,日月光投控,半導體業,
3711,日月光投控,電子工業,
3712,永崴投控,電子工業,
3713,新晶投控,綠能環保類,
3591,艾笛森,電子工業,
3591,艾笛森,光電業,
3588,通嘉,電子工業,
3447,展達,電子工業,
3450,聯鈞,半導體業,
3450,聯鈞,電子工業,
3455,由田,光電業,
3465,進泰電子,其他電子類,
3466,德晉,通信網路業,
3467,台灣精材,半導體業,
3473,智通聯網,通信網路業,
3479,安勤,電腦及週邊設備業,
3481,群創,光電業,
3481,群創,電子工業,
3483,力致,電腦及週邊設備業,
3484,崧騰,電子零組件業,
3485,敘豐,電子零組件業,
3489,森寶,建材營造,
3490,單井,光電業,
3491,昇達科,通信網路業,
3492,長盛,電子零組件業,
3494,誠研,電子工業,
3494,誠研,電腦及週邊設備業,
3498,陽程,其他電子類,
3499,環天科,通信網路業,
3501,維熹,電子工業,
3501,維熹,電子零組件業,
3504,揚明光,光電業,
3447,展達,通信網路業,
3504,揚明光,電子工業,
3444,利機,電子通路業,
3443,創意,半導體業,
3374,精材,半導體業,
3376,新日興,電子工業,
3376,新日興,電子零組件業,
3379,彬台,電機機械,
3380,明泰,通信網路業,
3380,明泰,電子工業,
3388,崇越電,電子零組件業,
3390,旭軟,電子零組件業,
3402,漢科,其他電子類,
3406,玉晶光,光電業,
3406,玉晶光,電子工業,
3413,京鼎,半導體業,
3413,京鼎,電子工業,
2457,飛宏,電子工業,
3416,融程電,電腦及週邊設備業,
3419,譁裕,通信網路業,
3419,譁裕,電子工業,
3430,奇鈦科,化學工業,
3432,台端,電子工業,
3432,台端,電子零組件業,
3434,哲固,光電業,
3437,榮創,光電業,
3437,榮創,電子工業,
3438,類比科,半導體業,
3441,聯一光,光電業,
3443,創意,電子工業,
3508,位速,其他電子類,
3511,矽瑪,電子零組件業,
3512,皇龍,建材營造,
3546,宇峻,文化創意業,
3548,兆利,電子零組件業,
3550,聯穎,電子工業,
3550,聯穎,電子零組件業,
3551,世禾,綠能環保類,
3552,同致,其他電子類,
3555,博士旺,半導體業,
3556,禾瑞亞,半導體業,
3557,嘉威,居家生活,
3558,神準,通信網路業,
3563,牧德,光電業,
3563,牧德,電子工業,
3564,其陽,通信網路業,
3567,逸昌,半導體業,
3570,大塚,資訊服務業,
3576,聯合再生,光電業,
3576,聯合再生,電子工業,
3577,泓格,電腦及週邊設備業,
3580,友威科,其他電子類,
3581,博磊,半導體業,
3583,辛耘,半導體業,
3583,辛耘,電子工業,
3585,聯致,電子零組件業,
3587,閎康,其他電子類,
3588,通嘉,半導體業,
3545,敦泰,電子工業,
3545,敦泰,半導體業,
3543,州巧,電子工業,
3543,州巧,光電業,
3515,華擎,電子工業,
3515,華擎,電腦及週邊設備業,
3516,亞帝歐,光電業,
3518,柏騰,其他電子業,
3518,柏騰,電子工業,
3520,華盈,電子零組件業,
3521,台鋼建設,建材營造,
3522,御嵿,觀光餐旅,
3523,迎輝,光電業,
3526,凡甲,電子零組件業,
3527,聚積,半導體業,
3528,安馳,電子工業,
4123,晟德,生技醫療業,
3528,安馳,電子通路業,
3530,晶相光,半導體業,
3530,晶相光,電子工業,
3531,先益,光電業,
3532,台勝科,半導體業,
3532,台勝科,電子工業,
3533,嘉澤,電子工業,
3533,嘉澤,電子零組件業,
3535,晶彩科,光電業,
3535,晶彩科,電子工業,
3537,堡達,電子零組件業,
3540,曜越,電腦及週邊設備業,
3541,西柏,其他電子類,
3529,力旺,半導體業,
3373,熱映,其他電子類,
4126,太醫,生技醫療業,
4128,中天,生技醫療業,
4707,磐亞,化學工業,
4711,永純,化學工業,
4714,永捷,化學工業,
4716,大立,化學工業,
4720,德淵,化學工業,
4720,德淵,化學生技醫療,
4721,美琪瑪,化學工業,
4722,國精化,化學工業,
4722,國精化,化學生技醫療,
4724,宣捷幹細胞,生技醫療業,
4726,永昕,生技醫療業,
4728,雙美,生技醫療業,
4729,熒茂,光電業,
4732,彥臣,生技醫療業,
4735,豪展,生技醫療業,
4736,泰博,化學生技醫療,
4736,泰博,生技醫療業,
4737,華廣,化學生技醫療,
4737,華廣,生技醫療業,
4738,大同精化,化學工業,
4739,康普,化學工業,
4739,康普,化學生技醫療,
4741,泓瀚,化學工業,
4743,合一,生技醫療業,
4744,皇將,生技醫療業,
4706,大恭,化學工業,
4745,合富-KY,生技醫療業,
4702,中美實,居家生活類,
4590,富田-創,電機機械,
4564,元翎,電機機械,
4565,宏偉,電機機械,
4566,時碩工業,電機機械,
4568,科際精密,電機機械,
4569,六方科-KY,汽車工業,
4570,傑生,電機機械,
4571,鈞興-KY,電機機械,
4572,駐龍,電機機械,
4573,高明鐵,電機機械,
4575,銓寶,電機機械,
4576,大銀微系統,電機機械,
4577,達航科技,其他電子類,
4580,捷流閥業,電機機械,
4581,光隆精密-KY,汽車工業,
4582,聚恆-創,創新板股票,
4582,聚恆-創,綠能環保,
4583,台灣精銳,電機機械,
4584,君帆,電機機械,
4585,達明,其他電子業,
4585,達明,電子工業,
4587,寶元數控,電機機械,
4588,玖鼎電力,其他電子業,
4588,玖鼎電力,電子工業,
4589,碩陽電機,電機機械,
4590,富田-創,創新板股票,
4609,唐鋒,居家生活類,
4563,百德,電機機械,
4746,台耀,化學生技醫療,
4747,強生,生技醫療業,
4909,新復興,通信網路業,
4911,德英,生技醫療業,
4912,聯德控股-KY,電子工業,
4912,聯德控股-KY,電子零組件業,
4915,致伸,電子工業,
4915,致伸,電子零組件業,
4916,事欣科,電子工業,
4916,事欣科,電腦及週邊設備業,
4919,新唐,半導體業,
4919,新唐,電子工業,
4923,力士,半導體業,
4924,欣厚-KY,綠能環保類,
4925,智微,半導體業,
4927,泰鼎-KY,電子工業,
4927,泰鼎-KY,電子零組件業,
4930,燦星網,電器電纜,
4931,新盛力,電腦及週邊設備業,
4933,友輝,光電業,
4934,太極,光電業,
4934,太極,電子工業,
4935,茂林-KY,光電業,
4935,茂林-KY,電子工業,
4938,和碩,電子工業,
4938,和碩,電腦及週邊設備業,
4939,亞電,電子零組件業,
4908,前鼎,通信網路業,
4746,台耀,生技醫療業,
4907,富宇,建材營造,
4906,正文,通信網路業,
4749,新應材,半導體業,
4754,國碳科,化學工業,
4755,三福化,化學工業,
4755,三福化,化學生技醫療,
4760,勤凱,其他電子類,
4763,材料*-KY,化學工業,
4763,材料*-KY,化學生技醫療,
4764,雙鍵,化學工業,
4764,雙鍵,化學生技醫療,
4765,磐采,化學工業,
4766,南寶,化學工業,
4766,南寶,化學生技醫療,
4767,誠泰科技,化學工業,
4768,晶呈科技,化學工業,
4770,上品,化學工業,
4770,上品,化學生技醫療,
4771,望隼,化學生技醫療,
4771,望隼,生技醫療業,
4772,台特化,化學工業,
4806,桂田文創,文化創意業,
4807,日成-KY,貿易百貨,
4903,聯光通,通信網路業,
4904,遠傳,通信網路業,
4904,遠傳,電子工業,
4905,台聯電,生技醫療業,
4906,正文,電子工業,
4562,穎漢,電機機械,
4561,健椿,電機機械,
4560,強信-KY,電機機械,
4169,泰宗,化學生技醫療,
4169,泰宗,生技醫療業,
4170,鑫品生醫,生技醫療業,
4171,瑞基,農業科技業,
4172,因華,生技醫療業,
4173,久裕,生技醫療業,
4174,浩鼎,生技醫療業,
4175,杏一,生技醫療業,
4178,永笙-KY,化學生技醫療,
4178,永笙-KY,生技醫療業,
4183,福永生技,生技醫療業,
4186,尖端醫,生技醫療業,
4188,安克,生技醫療業,
4190,佐登-KY,化學生技醫療,
4190,佐登-KY,生技醫療業,
4192,杏國,生技醫療業,
4194,禾生技,生技醫療業,
4195,基米-創,創新板股票,
4195,基米-創,化學生技醫療,
4195,基米-創,生技醫療業,
4197,暐世,生技醫療業,
4198,欣大健康,生技醫療業,
4205,中華食,食品工業,
4207,環泰,食品工業,
4303,信立,塑膠工業,
4168,醣聯,生技醫療業,
4304,勝昱,塑膠工業,
4167,松瑞藥,生技醫療業,
4164,承業醫,生技醫療業,
4129,聯合,生技醫療業,
4130,健亞,生技醫療業,
4131,浩泰,生技醫療業,
4133,亞諾法,化學生技醫療,
4133,亞諾法,生技醫療業,
4137,麗豐-KY,化學生技醫療,
4137,麗豐-KY,生技醫療業,
4138,曜亞,生技醫療業,
4139,馬光-KY,生技醫療業,
4142,國光生,化學生技醫療,
4142,國光生,生技醫療業,
4147,中裕,生技醫療業,
4148,全宇生技-KY,化學生技醫療,
4148,全宇生技-KY,生技醫療業,
4150,優你康,生技醫療業,
4153,鈺緯,生技醫療業,
4154,樂威科-KY,其他,
4155,訊映,化學生技醫療,
4155,訊映,生技醫療業,
4157,太景*-KY,生技醫療業,
4160,訊聯基因,生技醫療業,
4161,聿新科,生技醫療業,
4162,智擎,生技醫療業,
4163,鐿鈦,生技醫療業,
4164,承業醫,化學生技醫療,
4166,友霖,生技醫療業,
4305,世坤,塑膠工業,
4306,炎洲,塑膠工業,
4401,東隆興,紡織纖維,
4533,協易機,電機機械,
4534,慶騰,電機機械,
4535,至興,電機機械,
4536,拓凱,運動休閒,
4537,旭東,光電業,
4538,大詠城,電機機械,
4540,全球傳動,電機機械,
4541,晟田,其他,
4542,科嶠,電子零組件業,
4543,萬在,電機機械,
4544,春日,電機機械,
4545,銘鈺,電子工業,
4545,銘鈺,電子零組件業,
4546,長亨,電機機械,
4549,桓達,電機機械,
4550,長佳,電機機械,
4551,智伸科,汽車工業,
4552,力達-KY,電機機械,
4553,盛復,電機機械,
4554,橙的,其他電子類,
4555,氣立,電機機械,
4556,旭然,其他,
4557,永新-KY,汽車工業,
4558,寶緯,電機機械,
4559,久裕興,運動休閒,
4532,瑞智,電機機械,
4530,宏易,觀光餐旅,
4529,淳紳,其他,
4528,江興鍛,電機機械,
4402,郡都開發,紡織纖維,
4406,新昕纖,紡織纖維,
4413,飛寶企業,紡織纖維,
4414,如興,紡織纖維,
4416,三圓,建材營造,
4417,金洲,紡織纖維,
4419,皇家美食,觀光餐旅,
4420,光明,紡織纖維,
4426,利勤,紡織纖維,
4430,耀億,其他,
4431,敏成健康,其他,
4432,銘旺實,紡織纖維,
4127,天良,生技醫療業,
4433,興采,紡織纖維,
4439,冠星-KY,紡織纖維,
4440,宜新實業,紡織纖維,
4441,振大環球,紡織纖維,
4442,竣邦-KY,紡織纖維,
4502,健信,電機機械,
4503,金雨,電機機械,
4506,崇友,電機機械,
4510,高鋒,電機機械,
4513,福裕,電機機械,
4523,永彰,電機機械,
4526,東台,電機機械,
4527,方土霖,電機機械,
4438,廣越,紡織纖維,
3372,典範,半導體業,
3416,融程電,電子工業,
3362,先進光,光電業,
2752,豆府,觀光餐旅,
2753,八方雲集,觀光餐旅,
2754,亞洲藏壽司,觀光餐旅,
2755,揚秦,觀光餐旅,
2756,聯發國際,觀光餐旅,
2758,路易莎咖啡,觀光餐旅,
2760,巨宇翔,觀光餐旅,
2761,橘焱胡同,觀光餐旅,
2762,世界健身-KY,運動休閒,
2801,彰銀,金融保險,
2812,台中銀,金融保險,
2816,旺旺保,金融保險,
2820,華票,金融保險,
2832,台產,金融保險,
2834,臺企銀,金融保險,
2836,高雄銀,金融保險,
2836A,高雄銀甲特,金融保險,
2838,聯邦銀,金融保險,
2838A,聯邦銀甲特,金融保險,
2845,遠東銀,金融保險,
2849,安泰銀,金融保險,
2850,新產,金融保險,
2851,中再保,金融保險,
2852,第一保,金融保險,
2855,統一證,金融保險,
2751,王座,觀光餐旅,
2867,三商壽,金融保險,
2748,雲品,觀光餐旅,
2743,山富,觀光餐旅,
2645,長榮航太,航運業,
2646,星宇航空,航運業,
2701,萬企,觀光餐旅,
2702,華園,觀光餐旅,
2704,國賓,觀光餐旅,
2705,六福,觀光餐旅,
2706,第一店,觀光餐旅,
2707,晶華,觀光餐旅,
2712,遠雄來,觀光餐旅,
2718,全心投控,建材營造,
2719,燦星旅,觀光餐旅,
2722,夏都,觀光餐旅,
2723,美食-KY,觀光餐旅,
2724,藝舍-KY,其他,
2726,雅茗-KY,觀光餐旅,
2727,王品,觀光餐旅,
2729,瓦城,觀光餐旅,
2731,雄獅,觀光餐旅,
2732,六角,觀光餐旅,
2733,維格餅家,觀光餐旅,
2734,易飛網,觀光餐旅,
2736,富野,觀光餐旅,
2739,寒舍,觀光餐旅,
2740,華軒,觀光餐旅,
2741,老四川,觀光餐旅,
2745,五福,觀光餐旅,
2644,中信造船,航運業,
2880,華南金,金融保險,
2881A,富邦特,金融保險,
2906,高林,貿易百貨,
2908,特力,貿易百貨,
2910,統領,貿易百貨,
2911,麗嬰房,貿易百貨,
2912,統一超,貿易百貨,
2913,農林,貿易百貨,
2915,潤泰全,貿易百貨,
2916,滿心,居家生活類,
2923,鼎固-KY,建材營造,
2924,宏太-KY,居家生活類,
2926,誠品生活,文化創意業,
3363,上詮,通信網路業,
2937,集雅社,居家生活類,
2938,床的世界,居家生活,
2939,永邑-KY,貿易百貨,
2940,歐都納,運動休閒,
2941,米斯特,居家生活類,
2942,京站,居家生活,
2945,三商家購,貿易百貨,
2947,振宇五金,居家生活類,
2948,寶陞,居家生活類,
2949,欣新網,數位雲端類,
3002,歐格,電子工業,
3002,歐格,電腦及週邊設備業,
3003,健和興,電子工業,
2905,三商,貿易百貨,
2881,富邦金,金融保險,
2904,匯僑,其他,
2901,欣欣,貿易百貨,
2881B,富邦金乙特,金融保險,
2881C,富邦金丙特,金融保險,
2882,國泰金,金融保險,
2882A,國泰特,金融保險,
2882B,國泰金乙特,金融保險,
2883,凱基金,金融保險,
2883B,凱基金乙特,金融保險,
2884,玉山金,金融保險,
2885,元大金,金融保險,
2886,兆豐金,金融保險,
2887,台新新光金,金融保險,
2887E,台新新光戊特一,金融保險,
2887F,台新新光戊特二,金融保險,
2887G,台新新光庚特一,金融保險,
2887H,台新新光庚特二,金融保險,
2887I,台新新光辛特,金融保險,
2887Z1,台新新光己特,金融保險,
2889,國票金,金融保險,
2890,永豐金,金融保險,
2891,中信金,金融保險,
2891B,中信金乙特,金融保險,
2891C,中信金丙特,金融保險,
2892,第一金,金融保險,
2897,王道銀行,金融保險,
2897B,王道銀乙特,金融保險,
2903,遠百,貿易百貨,
2643,捷迅,航運業,
2642,宅配通,航運業,
2641,正德,航運業,
2477,美隆電,電子工業,
2478,大毅,電子工業,
2478,大毅,電子零組件業,
2480,敦陽科,資訊服務業,
2480,敦陽科,電子工業,
2481,強茂,半導體業,
2481,強茂,電子工業,
2482,連宇,其他電子業,
2482,連宇,電子工業,
2483,百容,電子工業,
2483,百容,電子零組件業,
2484,希華,電子工業,
2484,希華,電子零組件業,
2485,兆赫,通信網路業,
2485,兆赫,電子工業,
2486,一詮,光電業,
2486,一詮,電子工業,
2488,漢平,其他電子業,
2488,漢平,電子工業,
2489,瑞軒,光電業,
2489,瑞軒,電子工業,
2491,吉祥全,光電業,
2491,吉祥全,電子工業,
2492,華新科,電子工業,
2492,華新科,電子零組件業,
2477,美隆電,其他電子業,
2493,揚博,電子工業,
2476,鉅祥,電子零組件業,
2474,可成,電子工業,
2458,義隆,半導體業,
2458,義隆,電子工業,
2459,敦吉,其他電子業,
2459,敦吉,電子工業,
2460,建通,電子工業,
2460,建通,電子零組件業,
2461,光群雷,其他電子業,
2461,光群雷,電子工業,
2462,良得電,電子工業,
2462,良得電,電子零組件業,
2464,盟立,其他電子業,
2464,盟立,電子工業,
2465,麗臺,電子工業,
2465,麗臺,電腦及週邊設備業,
2466,冠西電,光電業,
2466,冠西電,電子工業,
2467,志聖,電子工業,
2467,志聖,電子零組件業,
2468,華經,資訊服務業,
2468,華經,電子工業,
2471,資通,資訊服務業,
2471,資通,電子工業,
2472,立隆電,電子工業,
2472,立隆電,電子零組件業,
2474,可成,其他電子業,
2476,鉅祥,電子工業,
2493,揚博,電子零組件業,
2495,普安,電子工業,
2495,普安,電腦及週邊設備業,
2548,華固,建材營造,
2596,綠意,建材營造,
2597,潤弘,建材營造,
2601,益航,航運業,
2603,長榮,航運業,
2605,新興,航運業,
2606,裕民,航運業,
2607,榮運,航運業,
2608,嘉里大榮,航運業,
2609,陽明,航運業,
2610,華航,航運業,
2611,志信,航運業,
2612,中航,航運業,
2613,中櫃,航運業,
2614,東森,其他,
2615,萬海,航運業,
2616,山隆,油電燃氣業,
2617,台航,航運業,
2618,長榮航,航運業,
2630,亞航,航運業,
2633,台灣高鐵,航運業,
2634,漢翔,航運業,
2636,台驊控股,航運業,
2637,慧洋-KY,航運業,
2640,大車隊,數位雲端類,
2547,日勝生,建材營造,
2546,根基,建材營造,
2545,皇翔,建材營造,
2543,皇昌,建材營造,
2496,卓越,其他,
2497,怡利電,汽車工業,
2498,宏達電,通信網路業,
2498,宏達電,電子工業,
2501,國建,建材營造,
2504,國產,建材營造,
2505,國揚,建材營造,
2506,太設,建材營造,
2509,全坤建,建材營造,
2511,太子,建材營造,
2514,龍邦,其他,
2515,中工,建材營造,
3003,健和興,電子零組件業,
2516,新建,建材營造,
2524,京城,建材營造,
2527,宏璟,建材營造,
2528,皇普,建材營造,
2530,華建,建材營造,
2534,宏盛,建材營造,
2535,達欣工,建材營造,
2536,宏普,建材營造,
2537,聯上發,建材營造,
2538,基泰,建材營造,
2539,櫻花建,建材營造,
2540,愛山林,建材營造,
2542,興富發,建材營造,
2520,冠德,建材營造,
3004,豐達科,鋼鐵工業,
2929,淘帝-KY,貿易百貨,
3005,神基,電腦及週邊設備業,
3169,亞信,半導體業,
3171,炎洲流通,居家生活類,
3176,基亞,生技醫療業,
3178,公準,半導體業,
3184,微邦,生技醫療業,
3188,鑫龍騰,建材營造,
3189,景碩,半導體業,
3189,景碩,電子工業,
3191,雲嘉南,電子零組件業,
3205,佰研,生技醫療業,
3206,志豐,電子零組件業,
3207,耀勝,電子零組件業,
3209,全科,電子工業,
3209,全科,電子通路業,
3211,順達,電腦及週邊設備業,
3213,茂訊,電腦及週邊設備業,
3217,優群,電子零組件業,
3218,大學光,生技醫療業,
3219,倚強科,其他電子類,
3221,台嘉碩,通信網路業,
3224,三顧,電子通路業,
3226,龍鋒,電機機械,
3227,原相,半導體業,
3228,金麗科,半導體業,
3229,晟鈦,電子工業,
3168,眾福科,電子工業,
3229,晟鈦,電子零組件業,
3168,眾福科,光電業,
3164,景岳,生技醫療業,
3105,穩懋,半導體業,
3114,好德,電子零組件業,
3115,富榮綱,電子零組件業,
3117,年程,電子零組件業,
3118,進階,生技醫療業,
3122,笙泉,半導體業,
3128,昇銳,光電業,
3130,一零四,數位雲端,
3131,弘塑,半導體業,
3135,凌航,半導體業,
3135,凌航,電子工業,
3138,耀登,通信網路業,
3138,耀登,電子工業,
3005,神基,電子工業,
3147,大綜,資訊服務業,
3149,正達,光電業,
3149,正達,電子工業,
3150,鈺寶-創,創新板股票,
3150,鈺寶-創,半導體業,
3150,鈺寶-創,電子工業,
3152,璟德,通信網路業,
3158,嘉實,資訊服務業,
3162,精確,電機機械,
3163,波若威,通信網路業,
3164,景岳,化學生技醫療,
3167,大量,電機機械,
3230,錦明,光電業,
3231,緯創,電子工業,
3231,緯創,電腦及週邊設備業,
3308,聯德,電子零組件業,
3310,佳穎,電子零組件業,
3311,閎暉,通信網路業,
3311,閎暉,電子工業,
3312,弘憶股,電子工業,
3312,弘憶股,電子通路業,
3313,斐成,建材營造,
3317,尼克森,半導體業,
3321,同泰,電子工業,
3321,同泰,電子零組件業,
3322,建舜電,電子零組件業,
3323,加百裕,電腦及週邊設備業,
3324,雙鴻,其他電子類,
3325,旭品,電腦及週邊設備業,
3332,幸康,電子零組件業,
3338,泰碩,電子工業,
3338,泰碩,電子零組件業,
3339,泰谷,光電業,
3346,麗清,汽車工業,
3349,寶德,電腦及週邊設備業,
3354,律勝,電子零組件業,
3356,奇偶,光電業,
3356,奇偶,電子工業,
3357,臺慶科,電子零組件業,
3360,尚立,電子通路業,
3308,聯德,電子工業,
3306,鼎天,通信網路業,
3305,昇貿,電子工業,
3305,昇貿,其他電子業,
3232,昱捷,電子通路業,
3234,光環,通信網路業,
3236,千如,電子零組件業,
3252,海灣,觀光餐旅,
3257,虹冠電,半導體業,
3257,虹冠電,電子工業,
3259,鑫創,半導體業,
3260,威剛,半導體業,
3264,欣銓,半導體業,
3265,台星科,半導體業,
3266,昇陽,建材營造,
3268,海德威,半導體業,
3097,拍檔,電腦及週邊設備業,
3272,東碩,電腦及週邊設備業,
3284,太普高,其他,
3285,微端,其他電子類,
3287,廣寰科,電腦及週邊設備業,
3288,點晶,電子零組件業,
3289,宜特,其他電子類,
3290,東浦,電子零組件業,
3293,鈊象,文化創意業,
3294,英濟,電子零組件業,
3296,勝德,電子工業,
3296,勝德,電子零組件業,
3297,杭特,光電業,
3303,岱稜,其他電子類,
3276,宇環,電子零組件業,
3095,及成,通信網路業,
3141,晶宏,半導體業,
3094,聯傑,半導體業,
3024,憶聲,電子工業,
3025,星通,通信網路業,
3025,星通,電子工業,
3026,禾伸堂,電子工業,
3026,禾伸堂,電子零組件業,
3027,盛達,通信網路業,
3027,盛達,電子工業,
3028,增你強,電子工業,
3028,增你強,電子通路業,
3029,零壹,資訊服務業,
3029,零壹,電子工業,
3094,聯傑,電子工業,
3030,德律,電子工業,
3031,佰鴻,光電業,
3031,佰鴻,電子工業,
3032,偉訓,電子工業,
3032,偉訓,電子零組件業,
3033,威健,電子工業,
3033,威健,電子通路業,
3034,聯詠,半導體業,
3034,聯詠,電子工業,
3035,智原,半導體業,
3035,智原,電子工業,
3036,文曄,電子工業,
3036,文曄,電子通路業,
3024,憶聲,光電業,
3037,欣興,電子工業,
3023,信邦,電子零組件業,
3022,威強電,電腦及週邊設備業,
3006,晶豪科,半導體業,
3006,晶豪科,電子工業,
3008,大立光,光電業,
3008,大立光,電子工業,
3010,華立,電子工業,
3010,華立,電子通路業,
3011,今皓,電子工業,
3011,今皓,電子零組件業,
3013,晟銘電,電子工業,
3013,晟銘電,電腦及週邊設備業,
3014,聯陽,半導體業,
3014,聯陽,電子工業,
3015,全漢,電子工業,
3015,全漢,電子零組件業,
3016,嘉晶,半導體業,
3016,嘉晶,電子工業,
3017,奇鋐,電子工業,
3017,奇鋐,電腦及週邊設備業,
3018,隆銘綠能,其他電子業,
3018,隆銘綠能,電子工業,
3019,亞光,光電業,
3019,亞光,電子工業,
3021,鴻名,電子工業,
3021,鴻名,電子零組件業,
3022,威強電,電子工業,
3023,信邦,電子工業,
3037,欣興,電子零組件業,
3030,德律,其他電子業,
3038,全台,電子工業,
3057,喬鼎,電腦及週邊設備業,
3058,立德,電子工業,
3058,立德,電子零組件業,
3059,華晶科,光電業,
3059,華晶科,電子工業,
3060,銘異,電子工業,
3060,銘異,電腦及週邊設備業,
3062,建漢,通信網路業,
3062,建漢,電子工業,
3064,泰偉,文化創意業,
3066,李洲,光電業,
3067,全域,居家生活類,
3038,全台,光電業,
3073,天方能源,綠能環保類,
3078,僑威,電子零組件業,
3081,聯亞,通信網路業,
3083,網龍,文化創意業,
3085,新零售,數位雲端類,
3086,華義*,文化創意業,
3088,艾訊,電腦及週邊設備業,
3090,日電貿,電子工業,
3090,日電貿,電子零組件業,
3092,鴻碩,電子工業,
3092,鴻碩,電子零組件業,
3093,港建*,其他電子類,
3057,喬鼎,電子工業,
3056,富華新,建材營造,
3071,協禧,電腦及週邊設備業,
3055,蔚華科,電子工業,
3055,蔚華科,電子通路業,
3040,遠見,其他,
3041,揚智,半導體業,
3041,揚智,電子工業,
3042,晶技,電子工業,
3042,晶技,電子零組件業,
3043,科風,其他電子業,
3044,健鼎,電子工業,
3044,健鼎,電子零組件業,
3045,台灣大,通信網路業,
3045,台灣大,電子工業,
3046,建碁,電子工業,
3046,建碁,電腦及週邊設備業,
3043,科風,電子工業,
3047,訊舟,電子工業,
3054,立萬利,食品工業,
3047,訊舟,通信網路業,
3052,夆典,建材營造,
3051,力特,電子工業,
3051,力特,光電業,
3050,鈺德,光電業,
3050,鈺德,電子工業,
3049,精金,光電業,
3048,益登,電子通路業,
3048,益登,電子工業,
3049,精金,電子工業,
OtherElectronic,其他電子類指數,Index,
OilGasElectricity,油電燃氣類指數,Index,
IronSteel,鋼鐵類指數,Index,
Optoelectronic,光電類指數,Index,
Other,其他類指數,Index,
PaperPulp,造紙類指數,Index,
TAIEX,加權指數,大盤,
Rubber,橡膠類指數,Index,
Semiconductor,半導體類指數,Index,
ShippingTransportation,航運業類指數,Index,
Textiles,紡織纖維類指數,Index,
InformationService,資訊服務類指數,Index,
Tourism,觀光事業類指數,Index,
Plastics,塑膠類指數,Index,
GlassCeramic,玻璃陶瓷類指數,Index,
BuildingMaterialConstruction,建材營造類指數,Index,
FinancialInsurance,金融保險類指數,Index,
ElectronicProductsDistribution,電子通路類指數,Index,
ElectronicPartsComponents,電子零組件類指數,Index,
Electronic,電子類指數,Index,
ElectricMachinery,電機機械類指數,Index,
ElectricalCable,電器電纜類指數,Index,
ComputerPeripheralEquipment,電腦及週邊設備類指數,Index,
CommunicationsInternet,通信網路類指數,Index,
ChemicalBiotechnologyMedicalCare,化學生技醫療類指數,Index,
Chemical,化學類指數,Index,
Cement,水泥類指數,Index,
BiotechnologyMedicalCare,生技醫療類指數,Index,
Automobile,汽車類指數,Index,
TPEx,櫃買指數,大盤,
Food,食品類指數,Index,
TradingConsumersGoods,貿易百貨類指數,Index,
